<ServiceControlSyntaxTestCases>
    <ServiceType>TwoWayMotionMotor</ServiceType>
    <ServiceVersion>1</ServiceVersion>
    <TestVersion>0.9</TestVersion>
    <TestCaseList>
		<TestCase>
			<Id>0</Id>
			<Category>Valid Action And Valid InArgs</Category>
			<ActionName>Open</ActionName>
			<ExpectedReturnCode>ACTION_AND_INARGS_ARE_VALID</ExpectedReturnCode>
		</TestCase>
		<TestCase>
			<Id>1</Id>
			<Category>Valid Action And Valid InArgs</Category>
			<ActionName>Close</ActionName>
			<ExpectedReturnCode>ACTION_AND_INARGS_ARE_VALID</ExpectedReturnCode>
		</TestCase>
		<TestCase>
			<Id>2</Id>
			<Category>Valid Action And Valid InArgs</Category>
			<ActionName>Stop</ActionName>
			<ExpectedReturnCode>ACTION_AND_INARGS_ARE_VALID</ExpectedReturnCode>
		</TestCase>
		<TestCase>
			<Id>3</Id>
			<Category>Valid Action And Valid InArgs</Category>
			<ActionName>SetOperationMode</ActionName>
       		<InArgs>
		            <NewOperationMode>Manual Unprotected</NewOperationMode>
		      </InArgs>
			<ExpectedReturnCode>ACTION_AND_INARGS_ARE_VALID</ExpectedReturnCode>
		</TestCase>
		<TestCase>
			<Id>4</Id>
			<Category>Valid Action And Valid InArgs</Category>
			<ActionName>GetOperationMode</ActionName>
			<ExpectedReturnCode>ACTION_AND_INARGS_ARE_VALID</ExpectedReturnCode>
		</TestCase>
    </TestCaseList>
</ServiceControlSyntaxTestCases>


