
<scpd>
  <serviceStateTable>
    <stateVariable>
      <name>AvailableEncodings</name>
	  <sendEventsAttribute>no</sendEventsAttribute>
      <dataType>string</dataType>
    </stateVariable>
    <stateVariable>
      <name>DefaultEncoding</name>
	  <sendEventsAttribute>yes</sendEventsAttribute>
      <dataType>string</dataType>
    </stateVariable>
    <stateVariable>
      <name>AvailableCompressionLevels</name>
	  <sendEventsAttribute>no</sendEventsAttribute>
      <dataType>string</dataType>
    </stateVariable>
    <stateVariable>
      <name>DefaultCompressionLevel</name>
	  <sendEventsAttribute>yes</sendEventsAttribute>
      <dataType>string</dataType>
    </stateVariable>
    <stateVariable>
      <name>AvailableResolutions</name>
	  <sendEventsAttribute>no</sendEventsAttribute>
      <dataType>string</dataType>
    </stateVariable>
    <stateVariable>
      <name>DefaultResolution</name>
	  <sendEventsAttribute>yes</sendEventsAttribute>
      <dataType>string</dataType>
    </stateVariable>
    <stateVariable>
      <name>ImageURL</name>
	  <sendEventsAttribute>no</sendEventsAttribute>
      <dataType>string</dataType>
    </stateVariable>
    <stateVariable>
      <name>ImagePresentationURL</name>
	  <sendEventsAttribute>no</sendEventsAttribute>
      <dataType>string</dataType>
    </stateVariable>
  </serviceStateTable>
  <actionList>
    <action>
    <name>GetAvailableEncodings</name>
      <argumentList>
        <argument>
          <name>RetAvailableEncodings</name>
         <relatedStateVariable>AvailableEncodings</relatedStateVariable>
          <direction>out</direction>
        </argument>
      </argumentList>
    </action>
    <action>
    <name>GetDefaultEncoding</name>
      <argumentList>
        <argument>
          <name>RetEncoding</name>
         <relatedStateVariable>DefaultEncoding</relatedStateVariable>
          <direction>out</direction>
        </argument>
      </argumentList>
    </action>
    <action>
    <name>SetDefaultEncoding</name>
      <argumentList>
        <argument>
          <name>ReqEncoding</name>
         <relatedStateVariable>DefaultEncoding</relatedStateVariable>
          <direction>in</direction>
        </argument>
      </argumentList>
    </action>
    <action>
    <name>GetAvailableCompressionLevels</name>
      <argumentList>
        <argument>
          <name>RetAvailableCompressionLevels</name>
         <relatedStateVariable>AvailableCompressionLevels</relatedStateVariable>
          <direction>out</direction>
        </argument>
      </argumentList>
    </action>
    <action>
    <name>GetDefaultCompressionLevel</name>
      <argumentList>
        <argument>
          <name>RetCompressionLevel</name>
         <relatedStateVariable>DefaultCompressionLevel</relatedStateVariable>
          <direction>out</direction>
        </argument>
      </argumentList>
    </action>
    <action>
    <name>SetDefaultCompressionLevel</name>
      <argumentList>
        <argument>
          <name>ReqCompressionLevel</name>
         <relatedStateVariable>DefaultCompressionLevel</relatedStateVariable>
          <direction>in</direction>
        </argument>
      </argumentList>
    </action>
    <action>
    <name>GetAvailableResolutions</name>
      <argumentList>
        <argument>
          <name>RetAvailableResolutions</name>
         <relatedStateVariable>AvailableResolutions</relatedStateVariable>
          <direction>out</direction>
        </argument>
      </argumentList>
    </action>
    <action>
    <name>GetDefaultResolution</name>
      <argumentList>
        <argument>
          <name>RetResolution</name>
         <relatedStateVariable>DefaultResolution</relatedStateVariable>
          <direction>out</direction>
        </argument>
      </argumentList>
    </action>
    <action>
    <name>SetDefaultResolution</name>
      <argumentList>
        <argument>
          <name>ReqResolution</name>
         <relatedStateVariable>DefaultResolution</relatedStateVariable>
          <direction>in</direction>
        </argument>
      </argumentList>
    </action>
    <action>
    <name>GetImageURL</name>
      <argumentList>
        <argument>
          <name>ReqEncoding</name>
         <relatedStateVariable>DefaultEncoding</relatedStateVariable>
          <direction>in</direction>
        </argument>
        <argument>
          <name>ReqCompression</name>
         <relatedStateVariable>DefaultCompressionLevel</relatedStateVariable>
          <direction>in</direction>
        </argument>
        <argument>
          <name>ReqResolution</name>
         <relatedStateVariable>DefaultResolution</relatedStateVariable>
          <direction>in</direction>
        </argument>
        <argument>
          <name>RetImageURL</name>
         <relatedStateVariable>ImageURL</relatedStateVariable>
          <direction>out</direction>
        </argument>
      </argumentList>
    </action>
    <action>
    <name>GetDefaultImageURL</name>
      <argumentList>
        <argument>
          <name>RetImageURL</name>
         <relatedStateVariable>ImageURL</relatedStateVariable>
          <direction>out</direction>
        </argument>
      </argumentList>
    </action>
    <action>
    <name>GetImagePresentationURL</name>
      <argumentList>
        <argument>
          <name>ReqEncoding</name>
         <relatedStateVariable>DefaultEncoding</relatedStateVariable>
          <direction>in</direction>
        </argument>
        <argument>
          <name>ReqCompression</name>
         <relatedStateVariable>DefaultCompressionLevel</relatedStateVariable>
          <direction>in</direction>
        </argument>
        <argument>
          <name>ReqResolution</name>
         <relatedStateVariable>DefaultResolution</relatedStateVariable>
          <direction>in</direction>
        </argument>
        <argument>
          <name>RetImagePresentationURL</name>
         <relatedStateVariable>ImagePresentationURL</relatedStateVariable>
          <direction>out</direction>
        </argument>
      </argumentList>
    </action>
    <action>
    <name>GetDefaultImagePresentationURL</name>
      <argumentList>
        <argument>
          <name>RetImagePresentationURL</name>
         <relatedStateVariable>ImagePresentationURL</relatedStateVariable>
          <direction>out</direction>
        </argument>
      </argumentList>
    </action>
  </actionList>
</scpd>
