<scpd>
    <serviceStateTable>
		<stateVariable>
		  <name>AutomaticWhiteBalance</name>
		  <sendEventsAttribute>yes</sendEventsAttribute>
		  <dataType>boolean</dataType>
		  <defaultValue>1</defaultValue>
		</stateVariable>
		<stateVariable>
		  <name>FixedWhiteBalance</name>
		  <sendEventsAttribute>yes</sendEventsAttribute>
		  <dataType>ui4</dataType>
		  <defaultValue>3000</defaultValue>
		  <allowedValueRange>
			<minimum>0</minimum>
			<maximum>10000</maximum>
			<step>1</step>
		  </allowedValueRange>
		</stateVariable>
		<stateVariable>
		  <name>AvailableRotations</name>
		  <sendEventsAttribute>no</sendEventsAttribute>
		  <dataType>string</dataType>
		</stateVariable>
		<stateVariable>
		  <name>DefaultRotation</name>
		  <sendEventsAttribute>yes</sendEventsAttribute>
		  <dataType>string</dataType>
		</stateVariable>
		<stateVariable>
		  <name>Brightness</name>
		  <sendEventsAttribute>yes</sendEventsAttribute>
		  <dataType>ui1</dataType>
		  <defaultValue>50</defaultValue>
		  <allowedValueRange>
			<minimum>0</minimum>
			<maximum>100</maximum>
			<step>1</step>
		  </allowedValueRange>
		</stateVariable>
		<stateVariable>
		  <name>ColorSaturation</name>
		  <sendEventsAttribute>yes</sendEventsAttribute>
		  <dataType>ui1</dataType>
		  <defaultValue>50</defaultValue>
		  <allowedValueRange>
			<minimum>0</minimum>
			<maximum>100</maximum>
			<step>1</step>
		  </allowedValueRange>
		</stateVariable>
    </serviceStateTable>
    <actionList>
		<action>
		<name>SetAutomaticWhiteBalance</name>
		  <argumentList>
			<argument>
			  <name>NewAutomaticWhiteBalance</name>
			 <relatedStateVariable>AutomaticWhiteBalance</relatedStateVariable>
			  <direction>in</direction>
			</argument>
		  </argumentList>
		</action>
		<action>
		<name>GetAutomaticWhiteBalance</name>
		  <argumentList>
			<argument>
			  <name>RetAutomaticWhiteBalance</name>
			 <relatedStateVariable>AutomaticWhiteBalance</relatedStateVariable>
			  <direction>out</direction>
			</argument>
		  </argumentList>
		</action>
		<action>
		<name>SetFixedWhiteBalance</name>
		  <argumentList>
			<argument>
			  <name>NewFixedWhiteBalance</name>
			 <relatedStateVariable>FixedWhiteBalance</relatedStateVariable>
			  <direction>in</direction>
			</argument>
		  </argumentList>
		</action>
		<action>
		<name>GetFixedWhiteBalance</name>
		  <argumentList>
			<argument>
			  <name>RetFixedWhiteBalance</name>
			 <relatedStateVariable>FixedWhiteBalance</relatedStateVariable>
			  <direction>out</direction>
			</argument>
		  </argumentList>
		</action>
		 <action>
		<name>GetAvailableRotations</name>
		  <argumentList>
			<argument>
			  <name>RetAvailableRotations</name>
			 <relatedStateVariable>AvailableRotations</relatedStateVariable>
			  <direction>out</direction>
			</argument>
		  </argumentList>
		</action>
		<action>
		<name>SetDefaultRotation</name>
		  <argumentList>
			<argument>
			  <name>NewRotation</name>
			 <relatedStateVariable>DefaultRotation</relatedStateVariable>
			  <direction>in</direction>
			</argument>
		  </argumentList>
		</action>
		<action>
		<name>GetDefaultRotation</name>
		  <argumentList>
			<argument>
			  <name>RetRotation</name>
			 <relatedStateVariable>DefaultRotation</relatedStateVariable>
			  <direction>out</direction>
			</argument>
		  </argumentList>
		</action>
		<action>
		<name>SetBrightness</name>
		  <argumentList>
			<argument>
			  <name>NewBrightness</name>
			 <relatedStateVariable>Brightness</relatedStateVariable>
			  <direction>in</direction>
			</argument>
		  </argumentList>
		</action>
		<action>
		<name>GetBrightness</name>
		  <argumentList>
			<argument>
			  <name>RetBrightness</name>
			 <relatedStateVariable>Brightness</relatedStateVariable>
			  <direction>out</direction>
			</argument>
		  </argumentList>
		</action>
		<action>
		<name>IncreaseBrightness</name>
		</action>
		<action>
		<name>DecreaseBrightness</name>
		</action>
		<action>
		<name>SetColorSaturation</name>
		  <argumentList>
			<argument>
			  <name>NewColorSaturation</name>
			 <relatedStateVariable>ColorSaturation</relatedStateVariable>
			  <direction>in</direction>
			</argument>
		  </argumentList>
		</action>
		<action>
		<name>GetColorSaturation</name>
		  <argumentList>
			<argument>
			  <name>RetColorSaturation</name>
			 <relatedStateVariable>ColorSaturation</relatedStateVariable>
			  <direction>out</direction>
			</argument>
		  </argumentList>
		</action>
		<action>
		<name>IncreaseColorSaturation</name>
		</action>
		<action>
		<name>DecreaseColorSaturation</name>
		</action>
    </actionList>
</scpd>