<scpd>
  <serviceStateTable>
    <stateVariable>
      <name>AvailableEncodings</name>
	  <sendEventsAttribute>no</sendEventsAttribute>
      <dataType>string</dataType>
    </stateVariable>
    <stateVariable>
      <name>DefaultEncoding</name>
	  <sendEventsAttribute>yes</sendEventsAttribute>
      <dataType>string</dataType>
    </stateVariable>
    <stateVariable>
      <name>AvailableCompressionLevels</name>
	  <sendEventsAttribute>no</sendEventsAttribute>
      <dataType>string</dataType>
    </stateVariable>
    <stateVariable>
      <name>DefaultCompressionLevel</name>
	  <sendEventsAttribute>yes</sendEventsAttribute>
      <dataType>string</dataType>
    </stateVariable>
    <stateVariable>
      <name>AvailableResolutions</name>
	  <sendEventsAttribute>no</sendEventsAttribute>
      <dataType>string</dataType>
    </stateVariable>
    <stateVariable>
      <name>DefaultResolution</name>
	  <sendEventsAttribute>yes</sendEventsAttribute>
      <dataType>string</dataType>
    </stateVariable>
    <stateVariable>
      <name>VideoURL</name>
	  <sendEventsAttribute>no</sendEventsAttribute>
      <dataType>string</dataType>
    </stateVariable>
    <stateVariable>
      <name>VideoPresentationURL</name>
	  <sendEventsAttribute>no</sendEventsAttribute>
      <dataType>string</dataType>
    </stateVariable>
    <stateVariable>
      <name>MaxBandwidth</name>
	  <sendEventsAttribute>yes</sendEventsAttribute>
      <dataType>ui4</dataType>
      <defaultValue>100</defaultValue>
      <allowedValueRange>
        <minimum>0</minimum>
        <maximum>100</maximum>
        <step>1</step>
      </allowedValueRange>
    </stateVariable>
    <stateVariable>
      <name>TargetFrameRate</name>
	  <sendEventsAttribute>yes</sendEventsAttribute>
      <dataType>ui4</dataType>
      <defaultValue>1500</defaultValue>
      <allowedValueRange>
        <minimum>0</minimum>
        <maximum>1500</maximum>
        <step>1</step>
      </allowedValueRange>
    </stateVariable>
  </serviceStateTable>
  <actionList>
    <action>
    <name>GetAvailableEncodings</name>
      <argumentList>
        <argument>
          <name>RetAvailableEncodings</name>
         <relatedStateVariable>AvailableEncodings</relatedStateVariable>
          <direction>out</direction>
        </argument>
      </argumentList>
    </action>
    <action>
    <name>GetDefaultEncoding</name>
      <argumentList>
        <argument>
          <name>RetEncoding</name>
         <relatedStateVariable>DefaultEncoding</relatedStateVariable>
          <direction>out</direction>
        </argument>
      </argumentList>
    </action>
    <action>
    <name>SetDefaultEncoding</name>
      <argumentList>
        <argument>
          <name>ReqEncoding</name>
         <relatedStateVariable>DefaultEncoding</relatedStateVariable>
          <direction>in</direction>
        </argument>
      </argumentList>
    </action>
    <action>
    <name>GetAvailableCompressionLevels</name>
      <argumentList>
        <argument>
          <name>RetAvailableCompressionLevels</name>
         <relatedStateVariable>AvailableCompressionLevels</relatedStateVariable>
          <direction>out</direction>
        </argument>
      </argumentList>
    </action>
    <action>
    <name>GetDefaultCompressionLevel</name>
      <argumentList>
        <argument>
          <name>RetCompressionLevel</name>
         <relatedStateVariable>DefaultCompressionLevel</relatedStateVariable>
          <direction>out</direction>
        </argument>
      </argumentList>
    </action>
    <action>
    <name>SetDefaultCompressionLevel</name>
      <argumentList>
        <argument>
          <name>ReqCompressionLevel</name>
         <relatedStateVariable>DefaultCompressionLevel</relatedStateVariable>
          <direction>in</direction>
        </argument>
      </argumentList>
    </action>
    <action>
    <name>GetAvailableResolutions</name>
      <argumentList>
        <argument>
          <name>RetAvailableResolutions</name>
         <relatedStateVariable>AvailableResolutions</relatedStateVariable>
          <direction>out</direction>
        </argument>
      </argumentList>
    </action>
    <action>
    <name>GetDefaultResolution</name>
      <argumentList>
        <argument>
          <name>RetResolution</name>
         <relatedStateVariable>DefaultResolution</relatedStateVariable>
          <direction>out</direction>
        </argument>
      </argumentList>
    </action>
    <action>
    <name>SetDefaultResolution</name>
      <argumentList>
        <argument>
          <name>ReqResolution</name>
         <relatedStateVariable>DefaultResolution</relatedStateVariable>
          <direction>in</direction>
        </argument>
      </argumentList>
    </action>
    <action>
    <name>GetVideoURL</name>
      <argumentList>
        <argument>
          <name>ReqEncoding</name>
         <relatedStateVariable>DefaultEncoding</relatedStateVariable>
          <direction>in</direction>
        </argument>
        <argument>
          <name>ReqCompression</name>
         <relatedStateVariable>DefaultCompressionLevel</relatedStateVariable>
          <direction>in</direction>
        </argument>
        <argument>
          <name>ReqResolution</name>
         <relatedStateVariable>DefaultResolution</relatedStateVariable>
          <direction>in</direction>
        </argument>
        <argument>
          <name>RetVideoURL</name>
         <relatedStateVariable>VideoURL</relatedStateVariable>
          <direction>out</direction>
        </argument>
      </argumentList>
    </action>
    <action>
    <name>GetDefaultVideoURL</name>
      <argumentList>
        <argument>
          <name>RetVideoURL</name>
         <relatedStateVariable>VideoURL</relatedStateVariable>
          <direction>out</direction>
        </argument>
      </argumentList>
    </action>
    <action>
    <name>GetVideoPresentationURL</name>
      <argumentList>
        <argument>
          <name>ReqEncoding</name>
         <relatedStateVariable>DefaultEncoding</relatedStateVariable>
          <direction>in</direction>
        </argument>
        <argument>
          <name>ReqCompression</name>
         <relatedStateVariable>DefaultCompressionLevel</relatedStateVariable>
          <direction>in</direction>
        </argument>
        <argument>
          <name>ReqResolution</name>
         <relatedStateVariable>DefaultResolution</relatedStateVariable>
          <direction>in</direction>
        </argument>
        <argument>
          <name>RetVideoPresentationURL</name>
         <relatedStateVariable>VideoPresentationURL</relatedStateVariable>
          <direction>out</direction>
        </argument>
      </argumentList>
    </action>
    <action>
    <name>GetDefaultVideoPresentationURL</name>
      <argumentList>
        <argument>
          <name>RetVideoPresentationURL</name>
         <relatedStateVariable>VideoPresentationURL</relatedStateVariable>
          <direction>out</direction>
        </argument>
      </argumentList>
    </action>
    <action>
    <name>SetMaxBandwidth</name>
      <argumentList>
        <argument>
          <name>ReqMaxBandwidth</name>
         <relatedStateVariable>MaxBandwidth</relatedStateVariable>
          <direction>in</direction>
        </argument>
      </argumentList>
    </action>
    <action>
    <name>GetMaxBandwidth</name>
      <argumentList>
        <argument>
          <name>RetMaxBandwidth</name>
         <relatedStateVariable>MaxBandwidth</relatedStateVariable>
          <direction>out</direction>
        </argument>
      </argumentList>
    </action>
    <action>
    <name>SetTargetFrameRate</name>
      <argumentList>
        <argument>
          <name>ReqTargetFrameRate</name>
         <relatedStateVariable>TargetFrameRate</relatedStateVariable>
          <direction>in</direction>
        </argument>
      </argumentList>
    </action>
    <action>
    <name>GetTargetFrameRate</name>
      <argumentList>
        <argument>
          <name>RetTargetFrameRate</name>
         <relatedStateVariable>TargetFrameRate</relatedStateVariable>
          <direction>out</direction>
        </argument>
      </argumentList>
    </action>
  </actionList>
</scpd>
