<scpd>
  <serviceStateTable>
    <stateVariable>
      <name>DeviceStatus</name>
      <dataType>string</dataType>
    </stateVariable>
    <stateVariable>
      <Optional/>
      <name>SequenceMode</name>
      <dataType>boolean</dataType>
      <defaultValue>0</defaultValue>
    </stateVariable>
    <stateVariable>
      <Optional/>
      <name>TestIDs</name>
      <dataType>string</dataType>
      <defaultValue/>
    </stateVariable>
    <stateVariable>
      <Optional/>
      <name>ActiveTestIDs</name>
      <dataType>string</dataType>
      <defaultValue/>
    </stateVariable>
    <stateVariable>
      <Optional/>
      <name>LogURIs</name>
      <dataType>string</dataType>
    </stateVariable>
    <stateVariable>
      <Optional/>
      <name>A_ARG_TYPE_Boolean</name>
      <sendEventsAttribute>no</sendEventsAttribute>
      <dataType>boolean</dataType>
    </stateVariable>
    <stateVariable>
      <Optional/>
      <name>A_ARG_TYPE_String</name>
      <sendEventsAttribute>no</sendEventsAttribute>
      <dataType>string</dataType>
    </stateVariable>
    <stateVariable>
      <Optional/>
      <name>A_ARG_TYPE_UShort</name>
      <sendEventsAttribute>no</sendEventsAttribute>
      <dataType>ui2</dataType>
    </stateVariable>
    <stateVariable>
      <Optional/>
      <name>A_ARG_TYPE_UInt</name>
      <sendEventsAttribute>no</sendEventsAttribute>
      <dataType>ui4</dataType>
    </stateVariable>
    <stateVariable>
      <Optional/>
      <name>A_ARG_TYPE_DateTime</name>
      <sendEventsAttribute>no</sendEventsAttribute>
      <dataType>dateTime.tz</dataType>
    </stateVariable>
    <stateVariable>
      <Optional/>
      <name>A_ARG_TYPE_MSecs</name>
      <sendEventsAttribute>no</sendEventsAttribute>
      <dataType>ui4</dataType>
    </stateVariable>
    <stateVariable>
      <Optional/>
      <name>A_ARG_TYPE_RebootStatus</name>
      <sendEventsAttribute>no</sendEventsAttribute>
      <dataType>string</dataType>
      <allowedValueList>
        <allowedValue>RebootNow</allowedValue>
        <allowedValue>RebootLater</allowedValue>
      </allowedValueList>
    </stateVariable>
    <stateVariable>
      <Optional/>
      <name>A_ARG_TYPE_TestID</name>
      <sendEventsAttribute>no</sendEventsAttribute>
      <dataType>ui4</dataType>
    </stateVariable>
    <stateVariable>
      <Optional/>
      <name>A_ARG_TYPE_TestType</name>
      <sendEventsAttribute>no</sendEventsAttribute>
      <dataType>string</dataType>
      <allowedValueList>
        <allowedValue>BandwidthTest</allowedValue>
        <allowedValue>InterfaceReset</allowedValue>
        <allowedValue>NSLookup</allowedValue>
        <allowedValue>Ping</allowedValue>
        <allowedValue>SelfTest</allowedValue>
        <allowedValue>Traceroute</allowedValue>
      </allowedValueList>
    </stateVariable>
    <stateVariable>
      <Optional/>
      <name>A_ARG_TYPE_TestState</name>
      <sendEventsAttribute>no</sendEventsAttribute>
      <dataType>string</dataType>
      <allowedValueList>
        <allowedValue>Requested</allowedValue>
        <allowedValue>InProgress</allowedValue>
        <allowedValue>Canceled</allowedValue>
        <allowedValue>Completed</allowedValue>
      </allowedValueList>
    </stateVariable>
    <stateVariable>
      <Optional/>
      <name>A_ARG_TYPE_TestEndpoint</name>
      <sendEventsAttribute>no</sendEventsAttribute>
      <dataType>string</dataType>
      <allowedValueList>
        <allowedValue>Server</allowedValue>
        <allowedValue>Client</allowedValue>
      </allowedValueList>
    </stateVariable>
    <stateVariable>
      <Optional/>
      <name>A_ARG_TYPE_TestSchedule</name>
      <sendEventsAttribute>no</sendEventsAttribute>
      <dataType>string</dataType>
    </stateVariable>
    <stateVariable>
      <Optional/>
      <name>A_ARG_TYPE_TestSessID</name>
      <sendEventsAttribute>no</sendEventsAttribute>
      <dataType>string</dataType>
    </stateVariable>
    <stateVariable>
      <Optional/>
      <name>A_ARG_TYPE_DSCP</name>
      <sendEventsAttribute>no</sendEventsAttribute>
      <dataType>ui1</dataType>
      <allowedValueRange>
        <minimum>0</minimum>
        <maximum>63</maximum>
      </allowedValueRange>
    </stateVariable>
    <stateVariable>
      <Optional/>
      <name>A_ARG_TYPE_Host</name>
      <sendEventsAttribute>no</sendEventsAttribute>
      <dataType>string</dataType>
    </stateVariable>
    <stateVariable>
      <Optional/>
      <name>A_ARG_TYPE_Hosts</name>
      <sendEventsAttribute>no</sendEventsAttribute>
      <dataType>string</dataType>
    </stateVariable>
    <stateVariable>
      <Optional/>
      <name>A_ARG_TYPE_HostName</name>
      <sendEventsAttribute>no</sendEventsAttribute>
      <dataType>string</dataType>
    </stateVariable>
    <stateVariable>
      <Optional/>
      <name>A_ARG_TYPE_PingStatus</name>
      <sendEventsAttribute>no</sendEventsAttribute>
      <dataType>string</dataType>
      <allowedValueList>
        <allowedValue>Success</allowedValue>
        <allowedValue>Error_CannotResolveHostName</allowedValue>
        <allowedValue>Error_Internal</allowedValue>
        <allowedValue>Error_Other</allowedValue>
      </allowedValueList>
    </stateVariable>
    <stateVariable>
      <Optional/>
      <name>A_ARG_TYPE_NSLookupStatus</name>
      <sendEventsAttribute>no</sendEventsAttribute>
      <dataType>string</dataType>
      <allowedValueList>
        <allowedValue>Success</allowedValue>
        <allowedValue>Error_DNSServerNotResolved</allowedValue>
        <allowedValue>Error_Internal</allowedValue>
        <allowedValue>Error_Other</allowedValue>
      </allowedValueList>
    </stateVariable>
    <stateVariable>
      <Optional/>
      <name>A_ARG_TYPE_NSLookupResult</name>
      <sendEventsAttribute>no</sendEventsAttribute>
      <dataType>string</dataType>
    </stateVariable>
    <stateVariable>
      <Optional/>
      <name>A_ARG_TYPE_TracerouteStatus</name>
      <sendEventsAttribute>no</sendEventsAttribute>
      <dataType>string</dataType>
      <allowedValueList>
        <allowedValue>Success</allowedValue>
        <allowedValue>Error_CannotResolveHostName</allowedValue>
        <allowedValue>Error_MaxHopCountExceeded</allowedValue>
        <allowedValue>Error_Internal</allowedValue>
        <allowedValue>Error_Other</allowedValue>
      </allowedValueList>
    </stateVariable>
    <stateVariable>
      <Optional/>
      <name>A_ARG_TYPE_BandwidthTestInfo</name>
      <sendEventsAttribute>no</sendEventsAttribute>
      <dataType>string</dataType>
    </stateVariable>
    <stateVariable>
      <Optional/>
      <name>A_ARG_TYPE_BandwidthTestSpec</name>
      <sendEventsAttribute>no</sendEventsAttribute>
      <dataType>string</dataType>
    </stateVariable>
    <stateVariable>
      <Optional/>
      <name>A_ARG_TYPE_BandwidthTestStatus</name>
      <sendEventsAttribute>no</sendEventsAttribute>
      <dataType>string</dataType>
      <allowedValueList>
        <allowedValue>Success</allowedValue>
        <allowedValue>Error_InitConnectionFailed</allowedValue>
        <allowedValue>Error_NoResponse</allowedValue>
        <allowedValue>Error_TransferFailed</allowedValue>
        <allowedValue>Error_PasswordRequestFailed</allowedValue>
        <allowedValue>Error_LoginFailed</allowedValue>
        <allowedValue>Error_NoTransferMode</allowedValue>
        <allowedValue>Error_IncorrectSize</allowedValue>
        <allowedValue>Error_NoTransferComplete</allowedValue>
        <allowedValue>Error_Timeout</allowedValue>
        <allowedValue>Error_Other</allowedValue>
        <allowedValue>Error_FTPNoPASV</allowedValue>
        <allowedValue>Error_FTPNoCWD</allowedValue>
        <allowedValue>Error_FTPNoSTOR</allowedValue>
      </allowedValueList>
    </stateVariable>
    <stateVariable>
      <Optional/>
      <name>A_ARG_TYPE_BandwidthTestResult</name>
      <sendEventsAttribute>no</sendEventsAttribute>
      <dataType>string</dataType>
    </stateVariable>
    <stateVariable>
      <Optional/>
      <name>A_ARG_TYPE_Interfaces</name>
      <sendEventsAttribute>no</sendEventsAttribute>
      <dataType>string</dataType>
      <allowedValueList>
        <allowedValue>AllInterfaces</allowedValue>
        <allowedValue>RequestInterface</allowedValue>
        <allowedValue>NorthboundInterfaces</allowedValue>
      </allowedValueList>
    </stateVariable>
    <stateVariable>
      <Optional/>
      <name>A_ARG_TYPE_InterfaceResetStatus</name>
      <sendEventsAttribute>no</sendEventsAttribute>
      <dataType>string</dataType>
      <allowedValueList>
        <allowedValue>Success</allowedValue>
        <allowedValue>Error</allowedValue>
      </allowedValueList>
    </stateVariable>
    <stateVariable>
      <Optional/>
      <name>A_ARG_TYPE_LogURI</name>
      <sendEventsAttribute>no</sendEventsAttribute>
      <dataType>uri</dataType>
    </stateVariable>
    <stateVariable>
      <Optional/>
      <name>A_ARG_TYPE_LogURL</name>
      <sendEventsAttribute>no</sendEventsAttribute>
      <dataType>uri</dataType>
    </stateVariable>
    <stateVariable>
      <Optional/>
      <name>A_ARG_TYPE_LogLevel</name>
      <sendEventsAttribute>no</sendEventsAttribute>
      <dataType>string</dataType>
      <allowedValueList>
        <allowedValue>Emergency</allowedValue>
        <allowedValue>Alert</allowedValue>
        <allowedValue>Critical</allowedValue>
        <allowedValue>Error</allowedValue>
        <allowedValue>Warning</allowedValue>
        <allowedValue>Notice</allowedValue>
        <allowedValue>Informational</allowedValue>
        <allowedValue>Debug</allowedValue>
      </allowedValueList>
    </stateVariable>
    <stateVariable>
      <Optional/>
      <name>A_ARG_TYPE_LogMaxSize</name>
      <sendEventsAttribute>no</sendEventsAttribute>
      <dataType>ui4</dataType>
    </stateVariable>
    <stateVariable>
      <Optional/>
      <name>A_ARG_TYPE_ACL</name>
      <sendEventsAttribute>no</sendEventsAttribute>
      <dataType>string</dataType>
    </stateVariable>
  </serviceStateTable>
  <actionList>
    <action>
      <Optional/>
      <name>Reboot</name>
      <argumentList>
        <argument>
          <name>RebootStatus</name>
          <direction>out</direction>
          <relatedStateVariable>A_ARG_TYPE_RebootStatus</relatedStateVariable>
        </argument>
      </argumentList>
    </action>
    <action>
      <Optional/>
      <name>BaselineReset</name>
    </action>
    <action>
      <name>GetDeviceStatus</name>
      <argumentList>
        <argument>
          <name>DeviceStatus</name>
          <direction>out</direction>
          <relatedStateVariable>DeviceStatus</relatedStateVariable>
        </argument>
      </argumentList>
    </action>
    <action>
      <Optional/>
      <name>SetSequenceMode</name>
      <argumentList>
        <argument>
          <name>NewSequenceMode</name>
          <direction>in</direction>
          <relatedStateVariable>SequenceMode</relatedStateVariable>
        </argument>
        <argument>
          <name>OldSequenceMode</name>
          <direction>out</direction>
          <relatedStateVariable>SequenceMode</relatedStateVariable>
        </argument>
      </argumentList>
    </action>
    <action>
      <Optional/>
      <name>GetSequenceMode</name>
      <argumentList>
        <argument>
          <name>SequenceMode</name>
          <direction>out</direction>
          <relatedStateVariable>SequenceMode</relatedStateVariable>
        </argument>
      </argumentList>
    </action>
    <action>
      <Optional/>
      <name>Ping</name>
      <argumentList>
        <argument>
          <name>Host</name>
          <direction>in</direction>
          <relatedStateVariable>A_ARG_TYPE_Host</relatedStateVariable>
        </argument>
        <argument>
          <name>NumberOfRepetitions</name>
          <direction>in</direction>
          <relatedStateVariable>A_ARG_TYPE_UInt</relatedStateVariable>
        </argument>
        <argument>
          <name>Timeout</name>
          <direction>in</direction>
          <relatedStateVariable>A_ARG_TYPE_MSecs</relatedStateVariable>
        </argument>
        <argument>
          <name>DataBlockSize</name>
          <direction>in</direction>
          <relatedStateVariable>A_ARG_TYPE_UShort</relatedStateVariable>
        </argument>
        <argument>
          <name>DSCP</name>
          <direction>in</direction>
          <relatedStateVariable>A_ARG_TYPE_DSCP</relatedStateVariable>
        </argument>
        <argument>
          <name>TestID</name>
          <direction>out</direction>
          <relatedStateVariable>A_ARG_TYPE_TestID</relatedStateVariable>
        </argument>
      </argumentList>
    </action>
    <action>
      <Optional/>
      <name>GetPingResult</name>
      <argumentList>
        <argument>
          <name>TestID</name>
          <direction>in</direction>
          <relatedStateVariable>A_ARG_TYPE_TestID</relatedStateVariable>
        </argument>
        <argument>
          <name>Status</name>
          <direction>out</direction>
          <relatedStateVariable>A_ARG_TYPE_PingStatus</relatedStateVariable>
        </argument>
        <argument>
          <name>AdditionalInfo</name>
          <direction>out</direction>
          <relatedStateVariable>A_ARG_TYPE_String</relatedStateVariable>
        </argument>
        <argument>
          <name>SuccessCount</name>
          <direction>out</direction>
          <relatedStateVariable>A_ARG_TYPE_UInt</relatedStateVariable>
        </argument>
        <argument>
          <name>FailureCount</name>
          <direction>out</direction>
          <relatedStateVariable>A_ARG_TYPE_UInt</relatedStateVariable>
        </argument>
        <argument>
          <name>AverageResponseTime</name>
          <direction>out</direction>
          <relatedStateVariable>A_ARG_TYPE_MSecs</relatedStateVariable>
        </argument>
        <argument>
          <name>MinimumResponseTime</name>
          <direction>out</direction>
          <relatedStateVariable>A_ARG_TYPE_MSecs</relatedStateVariable>
        </argument>
        <argument>
          <name>MaximumResponseTime</name>
          <direction>out</direction>
          <relatedStateVariable>A_ARG_TYPE_MSecs</relatedStateVariable>
        </argument>
      </argumentList>
    </action>
    <action>
      <Optional/>
      <name>NSLookup</name>
      <argumentList>
        <argument>
          <name>HostName</name>
          <direction>in</direction>
          <relatedStateVariable>A_ARG_TYPE_HostName</relatedStateVariable>
        </argument>
        <argument>
          <name>DNSServer</name>
          <direction>in</direction>
          <relatedStateVariable>A_ARG_TYPE_Host</relatedStateVariable>
        </argument>
        <argument>
          <name>NumberOfRepetitions</name>
          <direction>in</direction>
          <relatedStateVariable>A_ARG_TYPE_UInt</relatedStateVariable>
        </argument>
        <argument>
          <name>Timeout</name>
          <direction>in</direction>
          <relatedStateVariable>A_ARG_TYPE_MSecs</relatedStateVariable>
        </argument>
        <argument>
          <name>TestID</name>
          <direction>out</direction>
          <relatedStateVariable>A_ARG_TYPE_TestID</relatedStateVariable>
        </argument>
      </argumentList>
    </action>
    <action>
      <Optional/>
      <name>GetNSLookupResult</name>
      <argumentList>
        <argument>
          <name>TestID</name>
          <direction>in</direction>
          <relatedStateVariable>A_ARG_TYPE_TestID</relatedStateVariable>
        </argument>
        <argument>
          <name>Status</name>
          <direction>out</direction>
          <relatedStateVariable>A_ARG_TYPE_NSLookupStatus</relatedStateVariable>
        </argument>
        <argument>
          <name>AdditionalInfo</name>
          <direction>out</direction>
          <relatedStateVariable>A_ARG_TYPE_String</relatedStateVariable>
        </argument>
        <argument>
          <name>SuccessCount</name>
          <direction>out</direction>
          <relatedStateVariable>A_ARG_TYPE_UInt</relatedStateVariable>
        </argument>
        <argument>
          <name>Result</name>
          <direction>out</direction>
          <relatedStateVariable>A_ARG_TYPE_NSLookupResult</relatedStateVariable>
        </argument>
      </argumentList>
    </action>
    <action>
      <Optional/>
      <name>Traceroute</name>
      <argumentList>
        <argument>
          <name>Host</name>
          <direction>in</direction>
          <relatedStateVariable>A_ARG_TYPE_Host</relatedStateVariable>
        </argument>
        <argument>
          <name>Timeout</name>
          <direction>in</direction>
          <relatedStateVariable>A_ARG_TYPE_MSecs</relatedStateVariable>
        </argument>
        <argument>
          <name>DataBlockSize</name>
          <direction>in</direction>
          <relatedStateVariable>A_ARG_TYPE_UShort</relatedStateVariable>
        </argument>
        <argument>
          <name>MaxHopCount</name>
          <direction>in</direction>
          <relatedStateVariable>A_ARG_TYPE_UInt</relatedStateVariable>
        </argument>
        <argument>
          <name>DSCP</name>
          <direction>in</direction>
          <relatedStateVariable>A_ARG_TYPE_DSCP</relatedStateVariable>
        </argument>
        <argument>
          <name>TestID</name>
          <direction>out</direction>
          <relatedStateVariable>A_ARG_TYPE_TestID</relatedStateVariable>
        </argument>
      </argumentList>
    </action>
    <action>
      <Optional/>
      <name>GetTracerouteResult</name>
      <argumentList>
        <argument>
          <name>TestID</name>
          <direction>in</direction>
          <relatedStateVariable>A_ARG_TYPE_TestID</relatedStateVariable>
        </argument>
        <argument>
          <name>Status</name>
          <direction>out</direction>
          <relatedStateVariable>A_ARG_TYPE_TracerouteStatus</relatedStateVariable>
        </argument>
        <argument>
          <name>AdditionalInfo</name>
          <direction>out</direction>
          <relatedStateVariable>A_ARG_TYPE_String</relatedStateVariable>
        </argument>
        <argument>
          <name>ResponseTime</name>
          <direction>out</direction>
          <relatedStateVariable>A_ARG_TYPE_MSecs</relatedStateVariable>
        </argument>
        <argument>
          <name>HopHosts</name>
          <direction>out</direction>
          <relatedStateVariable>A_ARG_TYPE_Hosts</relatedStateVariable>
        </argument>
      </argumentList>
    </action>
    <action>
      <Optional/>
      <name>GetBandwidthTestInfo</name>
      <argumentList>
        <argument>
          <name>BandwidthTestInfo</name>
          <direction>out</direction>
          <relatedStateVariable>A_ARG_TYPE_BandwidthTestInfo</relatedStateVariable>
        </argument>
      </argumentList>
    </action>
    <action>
      <Optional/>
      <name>BandwidthTest</name>
      <argumentList>
        <argument>
          <name>BandwidthTestSpec</name>
          <direction>in</direction>
          <relatedStateVariable>A_ARG_TYPE_BandwidthTestSpec</relatedStateVariable>
        </argument>
        <argument>
          <name>TestEndpoint</name>
          <direction>in</direction>
          <relatedStateVariable>A_ARG_TYPE_TestEndpoint</relatedStateVariable>
        </argument>
        <argument>
          <name>TestSchedule</name>
          <direction>in</direction>
          <relatedStateVariable>A_ARG_TYPE_TestSchedule</relatedStateVariable>
        </argument>
        <argument>
          <name>TestSessID</name>
          <direction>in</direction>
          <relatedStateVariable>A_ARG_TYPE_TestSessID</relatedStateVariable>
        </argument>
        <argument>
          <name>TestID</name>
          <direction>out</direction>
          <relatedStateVariable>A_ARG_TYPE_TestID</relatedStateVariable>
        </argument>
      </argumentList>
    </action>
    <action>
      <Optional/>
      <name>GetBandwidthTestResult</name>
      <argumentList>
        <argument>
          <name>TestID</name>
          <direction>in</direction>
          <relatedStateVariable>A_ARG_TYPE_TestID</relatedStateVariable>
        </argument>
        <argument>
          <name>State</name>
          <direction>out</direction>
          <relatedStateVariable>A_ARG_TYPE_TestState</relatedStateVariable>
        </argument>
        <argument>
          <name>Status</name>
          <direction>out</direction>
          <relatedStateVariable>A_ARG_TYPE_BandwidthTestStatus</relatedStateVariable>
        </argument>
        <argument>
          <name>AdditionalInfo</name>
          <direction>out</direction>
          <relatedStateVariable>A_ARG_TYPE_String</relatedStateVariable>
        </argument>
        <argument>
          <name>Result</name>
          <direction>out</direction>
          <relatedStateVariable>A_ARG_TYPE_BandwidthTestResult</relatedStateVariable>
        </argument>
      </argumentList>
    </action>
    <action>
      <Optional/>
      <name>InterfaceReset</name>
      <argumentList>
        <argument>
          <name>Interfaces</name>
          <direction>in</direction>
          <relatedStateVariable>A_ARG_TYPE_Interfaces</relatedStateVariable>
        </argument>
        <argument>
          <name>TestID</name>
          <direction>out</direction>
          <relatedStateVariable>A_ARG_TYPE_TestID</relatedStateVariable>
        </argument>
      </argumentList>
    </action>
    <action>
      <Optional/>
      <name>GetInterfaceResetResult</name>
      <argumentList>
        <argument>
          <name>TestID</name>
          <direction>in</direction>
          <relatedStateVariable>A_ARG_TYPE_TestID</relatedStateVariable>
        </argument>
        <argument>
          <name>Status</name>
          <direction>out</direction>
          <relatedStateVariable>A_ARG_TYPE_InterfaceResetStatus</relatedStateVariable>
        </argument>
        <argument>
          <name>AdditionalInfo</name>
          <direction>out</direction>
          <relatedStateVariable>A_ARG_TYPE_String</relatedStateVariable>
        </argument>
        <argument>
          <name>NumberOfSuccesses</name>
          <direction>out</direction>
          <relatedStateVariable>A_ARG_TYPE_UShort</relatedStateVariable>
        </argument>
        <argument>
          <name>NumberOfFailures</name>
          <direction>out</direction>
          <relatedStateVariable>A_ARG_TYPE_UShort</relatedStateVariable>
        </argument>
      </argumentList>
    </action>
    <action>
      <Optional/>
      <name>SelfTest</name>
      <argumentList>
        <argument>
          <name>TestID</name>
          <direction>out</direction>
          <relatedStateVariable>A_ARG_TYPE_TestID</relatedStateVariable>
        </argument>
      </argumentList>
    </action>
    <action>
      <Optional/>
      <name>GetSelfTestResult</name>
      <argumentList>
        <argument>
          <name>TestID</name>
          <direction>in</direction>
          <relatedStateVariable>A_ARG_TYPE_TestID</relatedStateVariable>
        </argument>
        <argument>
          <name>Status</name>
          <direction>out</direction>
          <relatedStateVariable>A_ARG_TYPE_Boolean</relatedStateVariable>
        </argument>
        <argument>
          <name>AdditionalInfo</name>
          <direction>out</direction>
          <relatedStateVariable>A_ARG_TYPE_String</relatedStateVariable>
        </argument>
      </argumentList>
    </action>
    <action>
      <Optional/>
      <name>GetTestIDs</name>
      <argumentList>
        <argument>
          <name>TestIDs</name>
          <direction>out</direction>
          <relatedStateVariable>TestIDs</relatedStateVariable>
        </argument>
      </argumentList>
    </action>
    <action>
      <Optional/>
      <name>GetActiveTestIDs</name>
      <argumentList>
        <argument>
          <name>TestIDs</name>
          <direction>out</direction>
          <relatedStateVariable>ActiveTestIDs</relatedStateVariable>
        </argument>
      </argumentList>
    </action>
    <action>
      <Optional/>
      <name>GetTestInfo</name>
      <argumentList>
        <argument>
          <name>TestID</name>
          <direction>in</direction>
          <relatedStateVariable>A_ARG_TYPE_TestID</relatedStateVariable>
        </argument>
        <argument>
          <name>Type</name>
          <direction>out</direction>
          <relatedStateVariable>A_ARG_TYPE_TestType</relatedStateVariable>
        </argument>
        <argument>
          <name>State</name>
          <direction>out</direction>
          <relatedStateVariable>A_ARG_TYPE_TestState</relatedStateVariable>
        </argument>
      </argumentList>
    </action>
    <action>
      <Optional/>
      <name>CancelTest</name>
      <argumentList>
        <argument>
          <name>TestID</name>
          <direction>in</direction>
          <relatedStateVariable>A_ARG_TYPE_TestID</relatedStateVariable>
        </argument>
      </argumentList>
    </action>
    <action>
      <Optional/>
      <name>GetLogURIs</name>
      <argumentList>
        <argument>
          <name>LogURIs</name>
          <direction>out</direction>
          <relatedStateVariable>LogURIs</relatedStateVariable>
        </argument>
      </argumentList>
    </action>
    <action>
      <Optional/>
      <name>SetLogInfo</name>
      <argumentList>
        <argument>
          <name>LogURI</name>
          <direction>in</direction>
          <relatedStateVariable>A_ARG_TYPE_LogURI</relatedStateVariable>
        </argument>
        <argument>
          <name>Enabled</name>
          <direction>in</direction>
          <relatedStateVariable>A_ARG_TYPE_Boolean</relatedStateVariable>
        </argument>
        <argument>
          <name>LogLevel</name>
          <direction>in</direction>
          <relatedStateVariable>A_ARG_TYPE_LogLevel</relatedStateVariable>
        </argument>
      </argumentList>
    </action>
    <action>
      <Optional/>
      <name>GetLogInfo</name>
      <argumentList>
        <argument>
          <name>LogURI</name>
          <direction>in</direction>
          <relatedStateVariable>A_ARG_TYPE_LogURI</relatedStateVariable>
        </argument>
        <argument>
          <name>Configurable</name>
          <direction>out</direction>
          <relatedStateVariable>A_ARG_TYPE_Boolean</relatedStateVariable>
        </argument>
        <argument>
          <name>Enabled</name>
          <direction>out</direction>
          <relatedStateVariable>A_ARG_TYPE_Boolean</relatedStateVariable>
        </argument>
        <argument>
          <name>LogLevel</name>
          <direction>out</direction>
          <relatedStateVariable>A_ARG_TYPE_LogLevel</relatedStateVariable>
        </argument>
        <argument>
          <name>LogURL</name>
          <direction>out</direction>
          <relatedStateVariable>A_ARG_TYPE_LogURL</relatedStateVariable>
        </argument>
        <argument>
          <name>MaxSize</name>
          <direction>out</direction>
          <relatedStateVariable>A_ARG_TYPE_LogMaxSize</relatedStateVariable>
        </argument>
        <argument>
          <name>LastChange</name>
          <direction>out</direction>
          <relatedStateVariable>A_ARG_TYPE_DateTime</relatedStateVariable>
        </argument>
      </argumentList>
    </action>
    <action>
      <Optional/>
      <name>GetACLData</name>
      <argumentList>
        <argument>
          <name>ACL</name>
          <direction>out</direction>
          <relatedStateVariable>A_ARG_TYPE_ACL</relatedStateVariable>
        </argument>
      </argumentList>
    </action>
  </actionList>
</scpd>
