<scpd>
  <serviceStateTable>
    <stateVariable>
      <name>ConfigurationUpdate</name>
      <dataType>string</dataType>
    </stateVariable>
    <stateVariable>
      <name>CurrentConfigurationVersion</name>
      <sendEventsAttribute>no</sendEventsAttribute>
      <dataType>ui4</dataType>
    </stateVariable>
    <stateVariable>
      <name>SupportedDataModelsUpdate</name>
      <dataType>string</dataType>
    </stateVariable>
    <stateVariable>
      <name>SupportedParametersUpdate</name>
      <dataType>string</dataType>
    </stateVariable>
    <stateVariable>
      <Optional/>
      <name>AttributeValuesUpdate</name>
      <dataType>string</dataType>
    </stateVariable>
    <stateVariable>
      <Optional/>
      <name>InconsistentStatus</name>
      <dataType>boolean</dataType>
    </stateVariable>
    <stateVariable>
      <Optional/>
      <name>AlarmsEnabled</name>
      <dataType>boolean</dataType>
    </stateVariable>
    <stateVariable>
      <name>A_ARG_TYPE_StructurePath</name>
      <sendEventsAttribute>no</sendEventsAttribute>
      <dataType>string</dataType>
    </stateVariable>
    <stateVariable>
      <name>A_ARG_TYPE_StructurePathList</name>
      <sendEventsAttribute>no</sendEventsAttribute>
      <dataType>string</dataType>
    </stateVariable>
    <stateVariable>
      <name>A_ARG_TYPE_PartialPath</name>
      <sendEventsAttribute>no</sendEventsAttribute>
      <dataType>string</dataType>
    </stateVariable>
    <stateVariable>
      <name>A_ARG_TYPE_ParameterValueList</name>
      <sendEventsAttribute>no</sendEventsAttribute>
      <dataType>string</dataType>
    </stateVariable>
    <stateVariable>
      <name>A_ARG_TYPE_NodeAttributeValueList</name>
      <sendEventsAttribute>no</sendEventsAttribute>
      <dataType>string</dataType>
    </stateVariable>
    <stateVariable>
      <name>A_ARG_TYPE_ParameterInitialValueList</name>
      <sendEventsAttribute>no</sendEventsAttribute>
      <dataType>string</dataType>
    </stateVariable>
    <stateVariable>
      <name>A_ARG_TYPE_Filter</name>
      <sendEventsAttribute>no</sendEventsAttribute>
      <dataType>string</dataType>
    </stateVariable>
    <stateVariable>
      <name>A_ARG_TYPE_SupportedDataModels</name>
      <sendEventsAttribute>no</sendEventsAttribute>
      <dataType>string</dataType>
    </stateVariable>
    <stateVariable>
      <name>A_ARG_TYPE_SearchDepth</name>
      <sendEventsAttribute>no</sendEventsAttribute>
      <dataType>ui4</dataType>
    </stateVariable>
    <stateVariable>
      <name>A_ARG_TYPE_ChangeStatus</name>
      <sendEventsAttribute>no</sendEventsAttribute>
      <dataType>string</dataType>
      <allowedValueList>
        <allowedValue>ChangesCommitted</allowedValue>
        <allowedValue>ChangesApplied</allowedValue>
      </allowedValueList>
    </stateVariable>
    <stateVariable>
      <name>A_ARG_TYPE_InstancePathList</name>
      <sendEventsAttribute>no</sendEventsAttribute>
      <dataType>string</dataType>
    </stateVariable>
    <stateVariable>
      <name>A_ARG_TYPE_ContentPathList</name>
      <sendEventsAttribute>no</sendEventsAttribute>
      <dataType>string</dataType>
    </stateVariable>
    <stateVariable>
      <name>A_ARG_TYPE_MultiInstancePath</name>
      <sendEventsAttribute>no</sendEventsAttribute>
      <dataType>string</dataType>
    </stateVariable>
    <stateVariable>
      <name>A_ARG_TYPE_InstancePath</name>
      <sendEventsAttribute>no</sendEventsAttribute>
      <dataType>string</dataType>
    </stateVariable>
    <stateVariable>
      <name>A_ARG_TYPE_NodeAttributePathList</name>
      <sendEventsAttribute>no</sendEventsAttribute>
      <dataType>string</dataType>
    </stateVariable>
    <stateVariable>
      <Optional/>
      <name>A_ARG_TYPE_ACLDataPathList</name>
      <sendEventsAttribute>no</sendEventsAttribute>
      <dataType>string</dataType>
    </stateVariable>
    <stateVariable>
      <Optional/>
      <name>A_ARG_TYPE_ACL</name>
      <sendEventsAttribute>no</sendEventsAttribute>
      <dataType>string</dataType>
    </stateVariable>
  </serviceStateTable>
  <actionList>
    <action>
      <name>GetSupportedDataModels</name>
      <argumentList>
        <argument>
          <name>SupportedDataModels</name>
          <direction>out</direction>
          <relatedStateVariable>A_ARG_TYPE_SupportedDataModels</relatedStateVariable>
        </argument>
      </argumentList>
    </action>
    <action>
      <name>GetSupportedParameters</name>
      <argumentList>
        <argument>
          <name>StartingNode</name>
          <direction>in</direction>
          <relatedStateVariable>A_ARG_TYPE_StructurePath</relatedStateVariable>
        </argument>
        <argument>
          <name>SearchDepth</name>
          <direction>in</direction>
          <relatedStateVariable>A_ARG_TYPE_SearchDepth</relatedStateVariable>
        </argument>
        <argument>
          <name>Result</name>
          <direction>out</direction>
          <relatedStateVariable>A_ARG_TYPE_StructurePathList</relatedStateVariable>
        </argument>
      </argumentList>
    </action>
    <action>
      <name>GetInstances</name>
      <argumentList>
        <argument>
          <name>StartingNode</name>
          <direction>in</direction>
          <relatedStateVariable>A_ARG_TYPE_PartialPath</relatedStateVariable>
        </argument>
        <argument>
          <name>SearchDepth</name>
          <direction>in</direction>
          <relatedStateVariable>A_ARG_TYPE_SearchDepth</relatedStateVariable>
        </argument>
        <argument>
          <name>Result</name>
          <direction>out</direction>
          <relatedStateVariable>A_ARG_TYPE_InstancePathList</relatedStateVariable>
        </argument>
      </argumentList>
    </action>
    <action>
      <name>GetValues</name>
      <argumentList>
        <argument>
          <name>Parameters</name>
          <direction>in</direction>
          <relatedStateVariable>A_ARG_TYPE_ContentPathList</relatedStateVariable>
        </argument>
        <argument>
          <name>ParameterValueList</name>
          <direction>out</direction>
          <relatedStateVariable>A_ARG_TYPE_ParameterValueList</relatedStateVariable>
        </argument>
      </argumentList>
    </action>
    <action>
      <Optional/>
      <name>GetSelectedValues</name>
      <argumentList>
        <argument>
          <name>StartingNode</name>
          <direction>in</direction>
          <relatedStateVariable>A_ARG_TYPE_StructurePath</relatedStateVariable>
        </argument>
        <argument>
          <name>Filter</name>
          <direction>in</direction>
          <relatedStateVariable>A_ARG_TYPE_Filter</relatedStateVariable>
        </argument>
        <argument>
          <name>ParameterValueList</name>
          <direction>out</direction>
          <relatedStateVariable>A_ARG_TYPE_ParameterValueList</relatedStateVariable>
        </argument>
      </argumentList>
    </action>
    <action>
      <Optional/>
      <name>SetValues</name>
      <argumentList>
        <argument>
          <name>ParameterValueList</name>
          <direction>in</direction>
          <relatedStateVariable>A_ARG_TYPE_ParameterValueList</relatedStateVariable>
        </argument>
        <argument>
          <name>Status</name>
          <direction>out</direction>
          <relatedStateVariable>A_ARG_TYPE_ChangeStatus</relatedStateVariable>
        </argument>
      </argumentList>
    </action>
    <action>
      <Optional/>
      <name>CreateInstance</name>
      <argumentList>
        <argument>
          <name>MultiInstanceName</name>
          <direction>in</direction>
          <relatedStateVariable>A_ARG_TYPE_MultiInstancePath</relatedStateVariable>
        </argument>
        <argument>
          <name>ChildrenInitialization</name>
          <direction>in</direction>
          <relatedStateVariable>A_ARG_TYPE_ParameterInitialValueList</relatedStateVariable>
        </argument>
        <argument>
          <name>InstanceIdentifier</name>
          <direction>out</direction>
          <relatedStateVariable>A_ARG_TYPE_InstancePath</relatedStateVariable>
        </argument>
        <argument>
          <name>Status</name>
          <direction>out</direction>
          <relatedStateVariable>A_ARG_TYPE_ChangeStatus</relatedStateVariable>
        </argument>
      </argumentList>
    </action>
    <action>
      <Optional/>
      <name>DeleteInstance</name>
      <argumentList>
        <argument>
          <name>InstanceIdentifier</name>
          <direction>in</direction>
          <relatedStateVariable>A_ARG_TYPE_InstancePath</relatedStateVariable>
        </argument>
        <argument>
          <name>Status</name>
          <direction>out</direction>
          <relatedStateVariable>A_ARG_TYPE_ChangeStatus</relatedStateVariable>
        </argument>
      </argumentList>
    </action>
    <action>
      <name>GetAttributes</name>
      <argumentList>
        <argument>
          <name>Parameters</name>
          <direction>in</direction>
          <relatedStateVariable>A_ARG_TYPE_NodeAttributePathList</relatedStateVariable>
        </argument>
        <argument>
          <name>NodeAttributeValueList</name>
          <direction>out</direction>
          <relatedStateVariable>A_ARG_TYPE_NodeAttributeValueList</relatedStateVariable>
        </argument>
      </argumentList>
    </action>
    <action>
      <Optional/>
      <name>SetAttributes</name>
      <argumentList>
        <argument>
          <name>NodeAttributeValueList</name>
          <direction>in</direction>
          <relatedStateVariable>A_ARG_TYPE_NodeAttributeValueList</relatedStateVariable>
        </argument>
        <argument>
          <name>Status</name>
          <direction>out</direction>
          <relatedStateVariable>A_ARG_TYPE_ChangeStatus</relatedStateVariable>
        </argument>
      </argumentList>
    </action>
    <action>
      <Optional/>
      <name>GetInconsistentStatus</name>
      <argumentList>
        <argument>
          <name>StateVariableValue</name>
          <direction>out</direction>
          <relatedStateVariable>InconsistentStatus</relatedStateVariable>
        </argument>
      </argumentList>
    </action>
    <action>
      <name>GetConfigurationUpdate</name>
      <argumentList>
        <argument>
          <name>StateVariableValue</name>
          <direction>out</direction>
          <relatedStateVariable>ConfigurationUpdate</relatedStateVariable>
        </argument>
      </argumentList>
    </action>
    <action>
      <name>GetCurrentConfigurationVersion</name>
      <argumentList>
        <argument>
          <name>StateVariableValue</name>
          <direction>out</direction>
          <relatedStateVariable>CurrentConfigurationVersion</relatedStateVariable>
        </argument>
      </argumentList>
    </action>
    <action>
      <name>GetSupportedDataModelsUpdate</name>
      <argumentList>
        <argument>
          <name>StateVariableValue</name>
          <direction>out</direction>
          <relatedStateVariable>SupportedDataModelsUpdate</relatedStateVariable>
        </argument>
      </argumentList>
    </action>
    <action>
      <name>GetSupportedParametersUpdate</name>
      <argumentList>
        <argument>
          <name>StateVariableValue</name>
          <direction>out</direction>
          <relatedStateVariable>SupportedParametersUpdate</relatedStateVariable>
        </argument>
      </argumentList>
    </action>
    <action>
      <Optional/>
      <name>GetAttributeValuesUpdate</name>
      <argumentList>
        <argument>
          <name>StateVariableValue</name>
          <direction>out</direction>
          <relatedStateVariable>AttributeValuesUpdate</relatedStateVariable>
        </argument>
      </argumentList>
    </action>
    <action>
      <Optional/>
      <name>GetAlarmsEnabled</name>
      <argumentList>
        <argument>
          <name>StateVariableValue</name>
          <direction>out</direction>
          <relatedStateVariable>AlarmsEnabled</relatedStateVariable>
        </argument>
      </argumentList>
    </action>
    <action>
      <Optional/>
      <name>SetAlarmsEnabled</name>
      <argumentList>
        <argument>
          <name>StateVariableValue</name>
          <direction>in</direction>
          <relatedStateVariable>AlarmsEnabled</relatedStateVariable>
        </argument>
      </argumentList>
    </action>
    <action>
      <Optional/>
      <name>GetACLData</name>
      <argumentList>
        <argument>
          <name>StartingNodes</name>
          <direction>in</direction>
          <relatedStateVariable>A_ARG_TYPE_ACLDataPathList</relatedStateVariable>
        </argument>
        <argument>
          <name>ACL</name>
          <direction>out</direction>
          <relatedStateVariable>A_ARG_TYPE_ACL</relatedStateVariable>
        </argument>
      </argumentList>
    </action>
  </actionList>
</scpd>
