<scpd>
  <serviceStateTable>
    <stateVariable>
      <name>OperationIDs</name>
      <dataType>string</dataType>
    </stateVariable>
    <stateVariable>
      <name>DUIDs</name>
      <dataType>string</dataType>
    </stateVariable>
    <stateVariable>
      <name>EUIDs</name>
      <dataType>string</dataType>
    </stateVariable>
    <stateVariable>
      <name>ActiveEUIDs</name>
      <dataType>string</dataType>
    </stateVariable>
    <stateVariable>
      <name>RunningEUIDs</name>
      <dataType>string</dataType>
    </stateVariable>
    <stateVariable>
      <name>ErrorEUIDs</name>
      <dataType>string</dataType>
    </stateVariable>
    <stateVariable>
      <name>A_ARG_TYPE_Boolean</name>
      <sendEventsAttribute>no</sendEventsAttribute>
      <dataType>boolean</dataType>
    </stateVariable>
    <stateVariable>
      <name>A_ARG_TYPE_String</name>
      <sendEventsAttribute>no</sendEventsAttribute>
      <dataType>string</dataType>
    </stateVariable>
    <stateVariable>
      <name>A_ARG_TYPE_ID</name>
      <sendEventsAttribute>no</sendEventsAttribute>
      <dataType>ui4</dataType>
    </stateVariable>
    <stateVariable>
      <name>A_ARG_TYPE_IDs</name>
      <sendEventsAttribute>no</sendEventsAttribute>
      <dataType>string</dataType>
    </stateVariable>
    <stateVariable>
      <name>A_ARG_TYPE_OperationState</name>
      <sendEventsAttribute>no</sendEventsAttribute>
      <dataType>string</dataType>
      <allowedValueList>
        <allowedValue>Requested</allowedValue>
        <allowedValue>InProgress</allowedValue>
        <allowedValue>Completed</allowedValue>
        <allowedValue>Error</allowedValue>
      </allowedValueList>
    </stateVariable>
    <stateVariable>
      <name>A_ARG_TYPE_URI</name>
      <sendEventsAttribute>no</sendEventsAttribute>
      <dataType>uri</dataType>
    </stateVariable>
    <stateVariable>
      <name>A_ARG_TYPE_Action</name>
      <sendEventsAttribute>no</sendEventsAttribute>
      <dataType>string</dataType>
      <allowedValueList>
        <allowedValue>Install</allowedValue>
        <allowedValue>Update</allowedValue>
        <allowedValue>Uninstall</allowedValue>
        <allowedValue>Start</allowedValue>
        <allowedValue>Stop</allowedValue>
      </allowedValueList>
    </stateVariable>
    <stateVariable>
      <name>A_ARG_TYPE_ErrorDescription</name>
      <sendEventsAttribute>no</sendEventsAttribute>
      <dataType>string</dataType>
      <allowedValueList>
        <allowedValue>Error_None</allowedValue>
        <allowedValue>Error_ConcurrentAccess</allowedValue>
        <allowedValue>Error_MissingDependency</allowedValue>
        <allowedValue>Error_Network</allowedValue>
        <allowedValue>Error_CorruptedFile</allowedValue>
        <allowedValue>Error_DiskFull</allowedValue>
        <allowedValue>Error_Other</allowedValue>
      </allowedValueList>
    </stateVariable>
    <stateVariable>
      <name>A_ARG_TYPE_DUType</name>
      <sendEventsAttribute>no</sendEventsAttribute>
      <dataType>string</dataType>
      <allowedValueList>
        <allowedValue>Firmware</allowedValue>
        <allowedValue>Application</allowedValue>
        <allowedValue>Configuration</allowedValue>
        <allowedValue>Other</allowedValue>
      </allowedValueList>
    </stateVariable>
    <stateVariable>
      <Optional/>
      <name>A_ARG_TYPE_Name</name>
      <sendEventsAttribute>no</sendEventsAttribute>
      <dataType>string</dataType>
    </stateVariable>
    <stateVariable>
      <Optional/>
      <name>A_ARG_TYPE_Version</name>
      <sendEventsAttribute>no</sendEventsAttribute>
      <dataType>string</dataType>
    </stateVariable>
    <stateVariable>
      <Optional/>
      <name>A_ARG_TYPE_DUState</name>
      <sendEventsAttribute>no</sendEventsAttribute>
      <dataType>string</dataType>
      <allowedValueList>
        <allowedValue>Installing</allowedValue>
        <allowedValue>Unresolved</allowedValue>
        <allowedValue>Installed</allowedValue>
        <allowedValue>Uninstalling</allowedValue>
        <allowedValue>Uninstalled</allowedValue>
      </allowedValueList>
    </stateVariable>
    <stateVariable>
      <Optional/>
      <name>A_ARG_TYPE_EURequestedState</name>
      <sendEventsAttribute>no</sendEventsAttribute>
      <dataType>string</dataType>
      <allowedValueList>
        <allowedValue>Active</allowedValue>
        <allowedValue>Inactive</allowedValue>
      </allowedValueList>
    </stateVariable>
    <stateVariable>
      <Optional/>
      <name>A_ARG_TYPE_EURunningState</name>
      <sendEventsAttribute>no</sendEventsAttribute>
      <dataType>string</dataType>
      <allowedValueList>
        <allowedValue>Running</allowedValue>
        <allowedValue>Stopped</allowedValue>
        <allowedValue>Starting</allowedValue>
        <allowedValue>Stopping</allowedValue>
      </allowedValueList>
    </stateVariable>
    <stateVariable>
      <Optional/>
      <name>A_ARG_TYPE_ACL</name>
      <sendEventsAttribute>no</sendEventsAttribute>
      <dataType>string</dataType>
    </stateVariable>
  </serviceStateTable>
  <actionList>
    <action>
      <name>Install</name>
      <argumentList>
        <argument>
          <name>DUURI</name>
          <direction>in</direction>
          <relatedStateVariable>A_ARG_TYPE_URI</relatedStateVariable>
        </argument>
        <argument>
          <name>DUType</name>
          <direction>in</direction>
          <relatedStateVariable>A_ARG_TYPE_DUType</relatedStateVariable>
        </argument>
        <argument>
          <name>HandleDependencies</name>
          <direction>in</direction>
          <relatedStateVariable>A_ARG_TYPE_Boolean</relatedStateVariable>
        </argument>
        <argument>
          <name>OperationID</name>
          <direction>out</direction>
          <relatedStateVariable>A_ARG_TYPE_ID</relatedStateVariable>
        </argument>
      </argumentList>
    </action>
    <action>
      <name>Update</name>
      <argumentList>
        <argument>
          <name>DUID</name>
          <direction>in</direction>
          <relatedStateVariable>A_ARG_TYPE_ID</relatedStateVariable>
        </argument>
        <argument>
          <name>NewDUURI</name>
          <direction>in</direction>
          <relatedStateVariable>A_ARG_TYPE_URI</relatedStateVariable>
        </argument>
        <argument>
          <name>HandleDependencies</name>
          <direction>in</direction>
          <relatedStateVariable>A_ARG_TYPE_Boolean</relatedStateVariable>
        </argument>
        <argument>
          <name>OperationID</name>
          <direction>out</direction>
          <relatedStateVariable>A_ARG_TYPE_ID</relatedStateVariable>
        </argument>
      </argumentList>
    </action>
    <action>
      <name>Uninstall</name>
      <argumentList>
        <argument>
          <name>DUID</name>
          <direction>in</direction>
          <relatedStateVariable>A_ARG_TYPE_ID</relatedStateVariable>
        </argument>
        <argument>
          <name>HandleDependencies</name>
          <direction>in</direction>
          <relatedStateVariable>A_ARG_TYPE_Boolean</relatedStateVariable>
        </argument>
        <argument>
          <name>OperationID</name>
          <direction>out</direction>
          <relatedStateVariable>A_ARG_TYPE_ID</relatedStateVariable>
        </argument>
      </argumentList>
    </action>
    <action>
      <name>Start</name>
      <argumentList>
        <argument>
          <name>EUID</name>
          <direction>in</direction>
          <relatedStateVariable>A_ARG_TYPE_ID</relatedStateVariable>
        </argument>
        <argument>
          <name>HandleDependencies</name>
          <direction>in</direction>
          <relatedStateVariable>A_ARG_TYPE_Boolean</relatedStateVariable>
        </argument>
        <argument>
          <name>OperationID</name>
          <direction>out</direction>
          <relatedStateVariable>A_ARG_TYPE_ID</relatedStateVariable>
        </argument>
      </argumentList>
    </action>
    <action>
      <name>Stop</name>
      <argumentList>
        <argument>
          <name>EUID</name>
          <direction>in</direction>
          <relatedStateVariable>A_ARG_TYPE_ID</relatedStateVariable>
        </argument>
        <argument>
          <name>HandleDependencies</name>
          <direction>in</direction>
          <relatedStateVariable>A_ARG_TYPE_Boolean</relatedStateVariable>
        </argument>
        <argument>
          <name>OperationID</name>
          <direction>out</direction>
          <relatedStateVariable>A_ARG_TYPE_ID</relatedStateVariable>
        </argument>
      </argumentList>
    </action>
    <action>
      <name>GetDUIDs</name>
      <argumentList>
        <argument>
          <name>DUIDs</name>
          <direction>out</direction>
          <relatedStateVariable>DUIDs</relatedStateVariable>
        </argument>
      </argumentList>
    </action>
    <action>
      <name>GetEUIDs</name>
      <argumentList>
        <argument>
          <name>EUIDs</name>
          <direction>out</direction>
          <relatedStateVariable>EUIDs</relatedStateVariable>
        </argument>
      </argumentList>
    </action>
    <action>
      <name>GetActiveEUIDs</name>
      <argumentList>
        <argument>
          <name>ActiveEUIDs</name>
          <direction>out</direction>
          <relatedStateVariable>ActiveEUIDs</relatedStateVariable>
        </argument>
      </argumentList>
    </action>
    <action>
      <name>GetRunningEUIDs</name>
      <argumentList>
        <argument>
          <name>RunningEUIDs</name>
          <direction>out</direction>
          <relatedStateVariable>RunningEUIDs</relatedStateVariable>
        </argument>
      </argumentList>
    </action>
    <action>
      <name>GetOperationInfo</name>
      <argumentList>
        <argument>
          <name>OperationID</name>
          <direction>in</direction>
          <relatedStateVariable>A_ARG_TYPE_ID</relatedStateVariable>
        </argument>
        <argument>
          <name>OperationState</name>
          <direction>out</direction>
          <relatedStateVariable>A_ARG_TYPE_OperationState</relatedStateVariable>
        </argument>
        <argument>
          <name>TargetedIDs</name>
          <direction>out</direction>
          <relatedStateVariable>A_ARG_TYPE_IDs</relatedStateVariable>
        </argument>
        <argument>
          <name>Action</name>
          <direction>out</direction>
          <relatedStateVariable>A_ARG_TYPE_Action</relatedStateVariable>
        </argument>
        <argument>
          <name>ErrorDescription</name>
          <direction>out</direction>
          <relatedStateVariable>A_ARG_TYPE_ErrorDescription</relatedStateVariable>
        </argument>
        <argument>
          <name>AdditionalInfo</name>
          <direction>out</direction>
          <relatedStateVariable>A_ARG_TYPE_String</relatedStateVariable>
        </argument>
      </argumentList>
    </action>
    <action>
      <name>GetOperationIDs</name>
      <argumentList>
        <argument>
          <name>OperationIDs</name>
          <direction>out</direction>
          <relatedStateVariable>OperationIDs</relatedStateVariable>
        </argument>
      </argumentList>
    </action>
    <action>
      <name>GetErrorEUIDs</name>
      <argumentList>
        <argument>
          <name>ErrorEUIDs</name>
          <direction>out</direction>
          <relatedStateVariable>ErrorEUIDs</relatedStateVariable>
        </argument>
      </argumentList>
    </action>
    <action>
      <Optional/>
      <name>GetDUInfo</name>
      <argumentList>
        <argument>
          <name>DUID</name>
          <direction>in</direction>
          <relatedStateVariable>A_ARG_TYPE_ID</relatedStateVariable>
        </argument>
        <argument>
          <name>DUName</name>
          <direction>out</direction>
          <relatedStateVariable>A_ARG_TYPE_Name</relatedStateVariable>
        </argument>
        <argument>
          <name>DUVersion</name>
          <direction>out</direction>
          <relatedStateVariable>A_ARG_TYPE_Version</relatedStateVariable>
        </argument>
        <argument>
          <name>DUType</name>
          <direction>out</direction>
          <relatedStateVariable>A_ARG_TYPE_DUType</relatedStateVariable>
        </argument>
        <argument>
          <name>DUState</name>
          <direction>out</direction>
          <relatedStateVariable>A_ARG_TYPE_DUState</relatedStateVariable>
        </argument>
        <argument>
          <name>DUURI</name>
          <direction>out</direction>
          <relatedStateVariable>A_ARG_TYPE_URI</relatedStateVariable>
        </argument>
      </argumentList>
    </action>
    <action>
      <Optional/>
      <name>GetEUInfo</name>
      <argumentList>
        <argument>
          <name>EUID</name>
          <direction>in</direction>
          <relatedStateVariable>A_ARG_TYPE_ID</relatedStateVariable>
        </argument>
        <argument>
          <name>EUName</name>
          <direction>out</direction>
          <relatedStateVariable>A_ARG_TYPE_Name</relatedStateVariable>
        </argument>
        <argument>
          <name>EUVersion</name>
          <direction>out</direction>
          <relatedStateVariable>A_ARG_TYPE_Version</relatedStateVariable>
        </argument>
        <argument>
          <name>EURequestedState</name>
          <direction>out</direction>
          <relatedStateVariable>A_ARG_TYPE_EURequestedState</relatedStateVariable>
        </argument>
        <argument>
          <name>EURunningState</name>
          <direction>out</direction>
          <relatedStateVariable>A_ARG_TYPE_EURunningState</relatedStateVariable>
        </argument>
      </argumentList>
    </action>
    <action>
      <Optional/>
      <name>GetACLData</name>
      <argumentList>
        <argument>
          <name>ACL</name>
          <direction>out</direction>
          <relatedStateVariable>A_ARG_TYPE_ACL</relatedStateVariable>
        </argument>
      </argumentList>
    </action>
  </actionList>
</scpd>
