﻿<!--============================================================
Title: UPnP	AV AV-Transport	Service	(AVT)	Template

Purpose:
To identify	the	required/optional	actions	and	state	variables
and	the	required allowed values	defined	by this	service	type.

Note:
This file	uses tabs	(not spaces) for block indentation.
Any	updates	to this	file should	maintain this	convention.
This includes	disabling	any	automatic	tab-to-space conversion
feature	provided by	your editor. 
================================================================-->
<scpd>
	<serviceStateTable>
		<stateVariable>
			<name>TransportState</name>
			<sendEventsAttribute>no</sendEventsAttribute>
			<dataType>string</dataType>
			<allowedValueList>
				<allowedValue>STOPPED</allowedValue>
				<allowedValue>PLAYING</allowedValue>
			</allowedValueList>
		</stateVariable>

		<stateVariable>
			<name>TransportStatus</name>
			<sendEventsAttribute>no</sendEventsAttribute>
			<dataType>string</dataType>
			<allowedValueList>
				<allowedValue>OK</allowedValue>
				<allowedValue>ERROR_OCCURRED</allowedValue>
			</allowedValueList>
		</stateVariable>

		<stateVariable>
			<name>CurrentMediaCategory</name>
			<sendEventsAttribute>no</sendEventsAttribute>
			<dataType>string</dataType>
			<allowedValueList>
				<allowedValue>NO_MEDIA</allowedValue>
				<allowedValue>TRACK_AWARE</allowedValue>
				<allowedValue>TRACK_UNAWARE</allowedValue>
			</allowedValueList>
		</stateVariable>

		<stateVariable>
			<name>PlaybackStorageMedium</name>
			<sendEventsAttribute>no</sendEventsAttribute>
			<dataType>string</dataType>
		</stateVariable>

		<stateVariable>
			<name>RecordStorageMedium</name>
			<sendEventsAttribute>no</sendEventsAttribute>
			<dataType>string</dataType>
		</stateVariable>
		
		<stateVariable>
			<name>PossiblePlaybackStorageMedia</name>
			<sendEventsAttribute>no</sendEventsAttribute>
			<dataType>string</dataType>
		</stateVariable>

		<stateVariable>
			<name>PossibleRecordStorageMedia</name>
			<sendEventsAttribute>no</sendEventsAttribute>
			<dataType>string</dataType>
		</stateVariable>

		<stateVariable>
			<name>CurrentPlayMode</name>
			<sendEventsAttribute>no</sendEventsAttribute>
			<dataType>string</dataType>
			<allowedValueList>
				<allowedValue>NORMAL</allowedValue>
			</allowedValueList>
			<defaultValue>NORMAL</defaultValue>
		</stateVariable>

		<stateVariable>
			<name>TransportPlaySpeed</name>
			<sendEventsAttribute>no</sendEventsAttribute>
			<dataType>string</dataType>
			<allowedValueList>
				<allowedValue>1</allowedValue>
			</allowedValueList>
		</stateVariable>

		<stateVariable>
			<name>RecordMediumWriteStatus</name>
			<sendEventsAttribute>no</sendEventsAttribute>
			<dataType>string</dataType>
		</stateVariable>

		<stateVariable>
			<name>CurrentRecordQualityMode</name>
			<sendEventsAttribute>no</sendEventsAttribute>	
			<dataType>string</dataType>
		</stateVariable>

		<stateVariable>
			<name>PossibleRecordQualityModes</name>
			<sendEventsAttribute>no</sendEventsAttribute>
			<dataType>string</dataType>
		</stateVariable>

		<stateVariable>
			<name>NumberOfTracks</name>
			<sendEventsAttribute>no</sendEventsAttribute>
			<dataType>ui4</dataType>
			<allowedValueRange>
				<minimum>0</minimum>
			</allowedValueRange>
		</stateVariable>

		<stateVariable>
			<name>CurrentTrack</name>
			<sendEventsAttribute>no</sendEventsAttribute>
			<dataType>ui4</dataType>
			<allowedValueRange>
				<minimum>0</minimum>
				<step>1</step>
			</allowedValueRange>
		</stateVariable>

		<stateVariable>
			<name>CurrentTrackDuration</name>
			<sendEventsAttribute>no</sendEventsAttribute>
			<dataType>string</dataType>
		</stateVariable>

		<stateVariable>
			<name>CurrentMediaDuration</name>
			<sendEventsAttribute>no</sendEventsAttribute>
			<dataType>string</dataType>
		</stateVariable>

		<stateVariable>
			<name>CurrentTrackMetaData</name>
			<sendEventsAttribute>no</sendEventsAttribute>
			<dataType>string</dataType>
		</stateVariable>

		<stateVariable>
			<name>CurrentTrackURI</name>
			<sendEventsAttribute>no</sendEventsAttribute>
			<dataType>string</dataType>
		</stateVariable>

		<stateVariable>
			<name>AVTransportURI</name>
			<sendEventsAttribute>no</sendEventsAttribute>
			<dataType>string</dataType>
		</stateVariable>

		<stateVariable>
			<name>AVTransportURIMetaData</name>
			<sendEventsAttribute>no</sendEventsAttribute>
			<dataType>string</dataType>
		</stateVariable>

		<stateVariable>
			<name>NextAVTransportURI</name>
			<sendEventsAttribute>no</sendEventsAttribute>
			<dataType>string</dataType>
		</stateVariable>

		<stateVariable>
			<name>NextAVTransportURIMetaData</name>
			<sendEventsAttribute>no</sendEventsAttribute>
			<dataType>string</dataType>
		</stateVariable>

		<stateVariable>
			<name>RelativeTimePosition</name>
			<sendEventsAttribute>no</sendEventsAttribute>
			<dataType>string</dataType>
		</stateVariable>

		<stateVariable>
			<name>AbsoluteTimePosition</name>
			<sendEventsAttribute>no</sendEventsAttribute>
			<dataType>string</dataType>
		</stateVariable>

		<stateVariable>
			<name>RelativeCounterPosition</name>
			<sendEventsAttribute>no</sendEventsAttribute>
			<dataType>i4</dataType>
		</stateVariable>

		<stateVariable>
			<name>AbsoluteCounterPosition</name>
			<sendEventsAttribute>no</sendEventsAttribute>
			<dataType>ui4</dataType>
		</stateVariable>

		<stateVariable>
			<Optional/>
			<name>CurrentTransportActions</name>
			<sendEventsAttribute>no</sendEventsAttribute>
			<dataType>string</dataType>
		</stateVariable>

		<stateVariable>
			<name>LastChange</name>
			<sendEventsAttribute>yes</sendEventsAttribute>
			<dataType>string</dataType>
		</stateVariable>

		<stateVariable>
			<Optional/>
			<name>DRMState</name>
			<sendEventsAttribute>yes</sendEventsAttribute>
			<dataType>string</dataType>
			<allowedValueList>
				<allowedValue>OK</allowedValue>
			</allowedValueList>
			<defaultValue>UNKNOWN</defaultValue>
		</stateVariable>
		
		<stateVariable>
			<Optional/>
			<name>SyncOffset</name>
			<sendEventsAttribute>no</sendEventsAttribute>
			<dataType>string</dataType>
		</stateVariable>

		<stateVariable>
			<name>A_ARG_TYPE_SeekMode</name>
			<sendEventsAttribute>no</sendEventsAttribute>
			<dataType>string</dataType>
			<allowedValueList>
				<allowedValue>TRACK_NR</allowedValue>
			</allowedValueList>
		</stateVariable>

		<stateVariable>
			<name>A_ARG_TYPE_SeekTarget</name>
			<sendEventsAttribute>no</sendEventsAttribute>
			<dataType>string</dataType>
		</stateVariable>

		<stateVariable>
			<name>A_ARG_TYPE_InstanceID</name>
			<sendEventsAttribute>no</sendEventsAttribute>
			<dataType>ui4</dataType>
		</stateVariable>

		<stateVariable>
			<Optional/>
			<name>A_ARG_TYPE_DeviceUDN</name>
			<sendEventsAttribute>no</sendEventsAttribute>
			<dataType>string</dataType>
		</stateVariable>

		<stateVariable>
			<Optional/>
			<name>A_ARG_TYPE_ServiceType</name>
			<sendEventsAttribute>no</sendEventsAttribute>
			<dataType>string</dataType>
		</stateVariable>

		<stateVariable>
			<Optional/>
			<name>A_ARG_TYPE_ServiceID</name>
			<sendEventsAttribute>no</sendEventsAttribute>
			<dataType>string</dataType>
		</stateVariable>

		<stateVariable>
			<Optional/>
			<name>A_ARG_TYPE_StateVariableValuePairs</name>
			<sendEventsAttribute>no</sendEventsAttribute>
			<dataType>string</dataType>
		</stateVariable>

		<stateVariable>
			<Optional/>
			<name>A_ARG_TYPE_StateVariableList</name>
			<sendEventsAttribute>no</sendEventsAttribute>
			<dataType>string</dataType>
		</stateVariable>

		<stateVariable>
			<Optional/>
			<name>A_ARG_TYPE_SyncOffsetAdj</name>
			<sendEventsAttribute>no</sendEventsAttribute>
			<dataType>string</dataType>
		</stateVariable>

		<stateVariable>
			<Optional/>
			<name>A_ARG_TYPE_PresentationTime</name>
			<sendEventsAttribute>no</sendEventsAttribute>
			<dataType>string</dataType>
		</stateVariable>

		<stateVariable>
			<Optional/>
			<name>A_ARG_TYPE_ClockId</name>
			<sendEventsAttribute>no</sendEventsAttribute>
			<dataType>string</dataType>
		</stateVariable>
		
		<stateVariable>
			<Optional/>
			<name>A_ARG_TYPE_PlaylistData</name>
			<sendEventsAttribute>no</sendEventsAttribute>
			<dataType>string</dataType>
		</stateVariable>

		<stateVariable>
			<Optional/>
			<name>A_ARG_TYPE_PlaylistOffset</name>
			<sendEventsAttribute>no</sendEventsAttribute>
			<dataType>ui4</dataType>
		</stateVariable>

		<stateVariable>
			<Optional/>
			<name>A_ARG_TYPE_PlaylistDataLength</name>
			<sendEventsAttribute>no</sendEventsAttribute>
			<dataType>ui4</dataType>
		</stateVariable>

		<stateVariable>
			<Optional/>
			<name>A_ARG_TYPE_PlaylistTotalLength</name>
			<sendEventsAttribute>no</sendEventsAttribute>
			<dataType>ui4</dataType>
		</stateVariable>

		<stateVariable>
			<Optional/>
			<name>A_ARG_TYPE_PlaylistMIMEType</name>
			<sendEventsAttribute>no</sendEventsAttribute>
			<dataType>string</dataType>
		</stateVariable>

		<stateVariable>
			<Optional/>
			<name>A_ARG_TYPE_PlaylistExtendedType</name>
			<sendEventsAttribute>no</sendEventsAttribute>
			<dataType>string</dataType>
		</stateVariable>

		<stateVariable>
			<Optional/>
			<name>A_ARG_TYPE_PlaylistStep</name>
			<sendEventsAttribute>no</sendEventsAttribute>
			<dataType>string</dataType>
			<allowedValueList>
				<allowedValue>Initial</allowedValue>
				<allowedValue>Continue</allowedValue>
				<allowedValue>Stop</allowedValue>
				<allowedValue>Reset</allowedValue>
        <allowedValue>Replace</allowedValue>
			</allowedValueList>
		</stateVariable>

		<stateVariable>
			<Optional/>
			<name>A_ARG_TYPE_PlaylistType</name>
			<sendEventsAttribute>no</sendEventsAttribute>
			<dataType>string</dataType>
			<allowedValueList>
				<allowedValue>Static</allowedValue>
        <allowedValue>StaticPlContents</allowedValue>
				<allowedValue>Streaming</allowedValue>
        <allowedValue>StreamingPlContents</allowedValue>
			</allowedValueList>
		</stateVariable>

		<stateVariable>
			<Optional/>
			<name>A_ARG_TYPE_PlaylistInfo</name>
			<sendEventsAttribute>no</sendEventsAttribute>
			<dataType>string</dataType>
		</stateVariable>

		<stateVariable>
			<Optional/>
			<name>A_ARG_TYPE_PlaylistStartObjID</name>
			<sendEventsAttribute>no</sendEventsAttribute>
			<dataType>string</dataType>
		</stateVariable>

		<stateVariable>
			<Optional/>
			<name>A_ARG_TYPE_PlaylistStartGroupID</name>
			<sendEventsAttribute>no</sendEventsAttribute>
			<dataType>string</dataType>
		</stateVariable>
	</serviceStateTable>

	<actionList>
		<action>
			<name>SetAVTransportURI</name>
			<argumentList>
				<argument>
					<name>InstanceID</name>
					<direction>in</direction>
					<relatedStateVariable>A_ARG_TYPE_InstanceID</relatedStateVariable>
				</argument>
				<argument>
					<name>CurrentURI</name>
					<direction>in</direction>
					<relatedStateVariable>AVTransportURI</relatedStateVariable>
				</argument>
				<argument>
					<name>CurrentURIMetaData</name>
					<direction>in</direction>
					<relatedStateVariable>AVTransportURIMetaData</relatedStateVariable>
				</argument>
			</argumentList>
		</action>

		<action>
			<Optional/>
			<name>SetNextAVTransportURI</name>
			<argumentList>
				<argument>
					<name>InstanceID</name>
					<direction>in</direction>
					<relatedStateVariable>A_ARG_TYPE_InstanceID</relatedStateVariable>
				</argument>
				<argument>
					<name>NextURI</name>
					<direction>in</direction>
					<relatedStateVariable>NextAVTransportURI</relatedStateVariable>
				</argument>
				<argument>
					<name>NextURIMetaData</name>
					<direction>in</direction>
					<relatedStateVariable>NextAVTransportURIMetaData</relatedStateVariable>
				</argument>
			</argumentList>
		</action>

		<action>
			<name>GetMediaInfo</name>
			<argumentList>
				<argument>
					<name>InstanceID</name>
					<direction>in</direction>
					<relatedStateVariable>A_ARG_TYPE_InstanceID</relatedStateVariable>
				</argument>
				<argument>
					<name>NrTracks</name>
					<direction>out</direction>
					<relatedStateVariable>NumberOfTracks</relatedStateVariable>
				</argument>
				<argument>
					<name>MediaDuration</name>
					<direction>out</direction>
					<relatedStateVariable>CurrentMediaDuration</relatedStateVariable>
				</argument>
				<argument>
					<name>CurrentURI</name>
					<direction>out</direction>
					<relatedStateVariable>AVTransportURI</relatedStateVariable>
				</argument>
				<argument>
					<name>CurrentURIMetaData</name>
					<direction>out</direction>
					<relatedStateVariable>AVTransportURIMetaData</relatedStateVariable>
				</argument>
				<argument>
					<name>NextURI</name>
					<direction>out</direction>
					<relatedStateVariable>NextAVTransportURI</relatedStateVariable>
				</argument>
				<argument>
					<name>NextURIMetaData</name>
					<direction>out</direction>
					<relatedStateVariable>NextAVTransportURIMetaData</relatedStateVariable>
				</argument>
				<argument>
					<name>PlayMedium</name>
					<direction>out</direction>
					<relatedStateVariable>PlaybackStorageMedium</relatedStateVariable>
				</argument>
				<argument>
					<name>RecordMedium</name>
					<direction>out</direction>
					<relatedStateVariable>RecordStorageMedium</relatedStateVariable>
				</argument>
				<argument>
					<name>WriteStatus</name>
					<direction>out</direction>
					<relatedStateVariable>RecordMediumWriteStatus</relatedStateVariable>
				</argument>
			</argumentList>
		</action>

		<action>
			<name>GetMediaInfo_Ext</name>
			<argumentList>
				<argument>
					<name>InstanceID</name>
					<direction>in</direction>
					<relatedStateVariable>A_ARG_TYPE_InstanceID</relatedStateVariable>
				</argument>
				<argument>
					<name>CurrentType</name>
					<direction>out</direction>
					<relatedStateVariable>CurrentMediaCategory</relatedStateVariable>
				</argument>
				<argument>
					<name>NrTracks</name>
					<direction>out</direction>
					<relatedStateVariable>NumberOfTracks</relatedStateVariable>
				</argument>
				<argument>
					<name>MediaDuration</name>
					<direction>out</direction>
					<relatedStateVariable>CurrentMediaDuration</relatedStateVariable>
				</argument>
				<argument>
					<name>CurrentURI</name>
					<direction>out</direction>
					<relatedStateVariable>AVTransportURI</relatedStateVariable>
				</argument>
				<argument>
					<name>CurrentURIMetaData</name>
					<direction>out</direction>
					<relatedStateVariable>AVTransportURIMetaData</relatedStateVariable>
				</argument>
				<argument>
					<name>NextURI</name>
					<direction>out</direction>
					<relatedStateVariable>NextAVTransportURI</relatedStateVariable>
				</argument>
				<argument>
					<name>NextURIMetaData</name>
					<direction>out</direction>
					<relatedStateVariable>NextAVTransportURIMetaData</relatedStateVariable>
				</argument>
				<argument>
					<name>PlayMedium</name>
					<direction>out</direction>
					<relatedStateVariable>PlaybackStorageMedium</relatedStateVariable>
				</argument>
				<argument>
					<name>RecordMedium</name>
					<direction>out</direction>
					<relatedStateVariable>RecordStorageMedium</relatedStateVariable>
				</argument>
				<argument>
					<name>WriteStatus</name>
					<direction>out</direction>
					<relatedStateVariable>RecordMediumWriteStatus</relatedStateVariable>
				</argument>
			</argumentList>
		</action>

		<action>
			<name>GetTransportInfo</name>
			<argumentList>
				<argument>
					<name>InstanceID</name>
					<direction>in</direction>
					<relatedStateVariable>A_ARG_TYPE_InstanceID</relatedStateVariable>
				</argument>
				<argument>
					<name>CurrentTransportState</name>
					<direction>out</direction>
					<relatedStateVariable>TransportState</relatedStateVariable>
				</argument>
				<argument>
					<name>CurrentTransportStatus</name>
					<direction>out</direction>
					<relatedStateVariable>TransportStatus</relatedStateVariable>
				</argument>
				<argument>
					<name>CurrentSpeed</name>
					<direction>out</direction>
					<relatedStateVariable>TransportPlaySpeed</relatedStateVariable>
				</argument>
			</argumentList>
		</action>

		<action>
			<name>GetPositionInfo</name>
			<argumentList>
				<argument>
					<name>InstanceID</name>
					<direction>in</direction>
					<relatedStateVariable>A_ARG_TYPE_InstanceID</relatedStateVariable>
				</argument>
				<argument>
					<name>Track</name>
					<direction>out</direction>
					<relatedStateVariable>CurrentTrack</relatedStateVariable>
				</argument>
				<argument>
					<name>TrackDuration</name>
					<direction>out</direction>
					<relatedStateVariable>CurrentTrackDuration</relatedStateVariable>
				</argument>
				<argument>
					<name>TrackMetaData</name>
					<direction>out</direction>
					<relatedStateVariable>CurrentTrackMetaData</relatedStateVariable>
				</argument>
				<argument>
					<name>TrackURI</name>
					<direction>out</direction>
					<relatedStateVariable>CurrentTrackURI</relatedStateVariable>
				</argument>
				<argument>
					<name>RelTime</name>
					<direction>out</direction>
					<relatedStateVariable>RelativeTimePosition</relatedStateVariable>
				</argument>
				<argument>
					<name>AbsTime</name>
					<direction>out</direction>
					<relatedStateVariable>AbsoluteTimePosition</relatedStateVariable>
				</argument>
				<argument>
					<name>RelCount</name>
					<direction>out</direction>
					<relatedStateVariable>RelativeCounterPosition</relatedStateVariable>
				</argument>
				<argument>
					<name>AbsCount</name>
					<direction>out</direction>
					<relatedStateVariable>AbsoluteCounterPosition</relatedStateVariable>
				</argument>
			</argumentList>
		</action>

		<action>
			<name>GetDeviceCapabilities</name>
			<argumentList>
				<argument>
					<name>InstanceID</name>
					<direction>in</direction>
					<relatedStateVariable>A_ARG_TYPE_InstanceID</relatedStateVariable>
				</argument>
				<argument>
					<name>PlayMedia</name>
					<direction>out</direction>
					<relatedStateVariable>PossiblePlaybackStorageMedia</relatedStateVariable>
				</argument>
				<argument>
					<name>RecMedia</name>
					<direction>out</direction>
					<relatedStateVariable>PossibleRecordStorageMedia</relatedStateVariable>
				</argument>
				<argument>
					<name>RecQualityModes</name>
					<direction>out</direction>
					<relatedStateVariable>PossibleRecordQualityModes</relatedStateVariable>
				</argument>
			</argumentList>
		</action>

		<action>
			<name>GetTransportSettings</name>
			<argumentList>
				<argument>
					<name>InstanceID</name>
					<direction>in</direction>
					<relatedStateVariable>A_ARG_TYPE_InstanceID</relatedStateVariable>
				</argument>
				<argument>
					<name>PlayMode</name>
					<direction>out</direction>
					<relatedStateVariable>CurrentPlayMode</relatedStateVariable>
				</argument>
				<argument>
					<name>RecQualityMode</name>
					<direction>out</direction>
					<relatedStateVariable>CurrentRecordQualityMode</relatedStateVariable>
				</argument>
			</argumentList>
		</action>

		<action>
			<name>Stop</name>
			<argumentList>
				<argument>
					<name>InstanceID</name>
					<direction>in</direction>
					<relatedStateVariable>A_ARG_TYPE_InstanceID</relatedStateVariable>
				</argument>
			</argumentList>
		</action>

		<action>
			<name>Play</name>
			<argumentList>
				<argument>
					<name>InstanceID</name>
					<direction>in</direction>
					<relatedStateVariable>A_ARG_TYPE_InstanceID</relatedStateVariable>
				</argument>
				<argument>
					<name>Speed</name>
					<direction>in</direction>
					<relatedStateVariable>TransportPlaySpeed</relatedStateVariable>
				</argument>
			</argumentList>
		</action>

		<action>
			<Optional/>
			<name>Pause</name>
			<argumentList>
				<argument>
					<name>InstanceID</name>
					<direction>in</direction>
					<relatedStateVariable>A_ARG_TYPE_InstanceID</relatedStateVariable>
				</argument>
			</argumentList>
		</action>

		<action>
			<Optional/>
			<name>Record</name>
			<argumentList>
				<argument>
					<name>InstanceID</name>
					<direction>in</direction>
					<relatedStateVariable>A_ARG_TYPE_InstanceID</relatedStateVariable>
				</argument>
			</argumentList>
		</action>

		<action>
			<name>Seek</name>
			<argumentList>
				<argument>
					<name>InstanceID</name>
					<direction>in</direction>
					<relatedStateVariable>A_ARG_TYPE_InstanceID</relatedStateVariable>
				</argument>
				<argument>
					<name>Unit</name>
					<direction>in</direction>
					<relatedStateVariable>A_ARG_TYPE_SeekMode</relatedStateVariable>
				</argument>
				<argument>
					<name>Target</name>
					<direction>in</direction>
					<relatedStateVariable>A_ARG_TYPE_SeekTarget</relatedStateVariable>
				</argument>
			</argumentList>
		</action>

		<action>
			<name>Next</name>
			<argumentList>
				<argument>
					<name>InstanceID</name>
					<direction>in</direction>
					<relatedStateVariable>A_ARG_TYPE_InstanceID</relatedStateVariable>
				</argument>
			</argumentList>
		</action>

		<action>
			<name>Previous</name>
			<argumentList>
				<argument>
					<name>InstanceID</name>
					<direction>in</direction>
					<relatedStateVariable>A_ARG_TYPE_InstanceID</relatedStateVariable>
				</argument>
			</argumentList>
		</action>

		<action>
			<Optional/>
			<name>SetPlayMode</name>
			<argumentList>
				<argument>
					<name>InstanceID</name>
					<direction>in</direction>
					<relatedStateVariable>A_ARG_TYPE_InstanceID</relatedStateVariable>
				</argument>
				<argument>
					<name>NewPlayMode</name>
					<direction>in</direction>
					<relatedStateVariable>CurrentPlayMode</relatedStateVariable>
				</argument>
			</argumentList>
		</action>

		<action>
			<Optional/>
			<name>SetRecordQualityMode</name>
			<argumentList>
				<argument>
					<name>InstanceID</name>
					<direction>in</direction>
					<relatedStateVariable>A_ARG_TYPE_InstanceID</relatedStateVariable>
				</argument>
				<argument>
					<name>NewRecordQualityMode</name>
					<direction>in</direction>
					<relatedStateVariable>CurrentRecordQualityMode</relatedStateVariable>
				</argument>
			</argumentList>
		</action>

		<action>
			<Optional/>
			<name>GetCurrentTransportActions</name>
			<argumentList>
				<argument>
					<name>InstanceID</name>
					<direction>in</direction>
					<relatedStateVariable>A_ARG_TYPE_InstanceID</relatedStateVariable>
				</argument>
				<argument>
					<name>Actions</name>
					<direction>out</direction>
					<relatedStateVariable>CurrentTransportActions</relatedStateVariable>
				</argument>
			</argumentList>
		</action>

		<action>
			<Optional/>
			<name>GetDRMState</name>
			<argumentList>
				<argument>
					<name>InstanceID</name>
					<direction>in</direction>
					<relatedStateVariable>A_ARG_TYPE_InstanceID</relatedStateVariable>
				</argument>
				<argument>
					<name>CurrentDRMState</name>
					<direction>out</direction>
					<relatedStateVariable>DRMState</relatedStateVariable>
				</argument>
			</argumentList>
		</action>

		<action>
			<Optional/>
			<name>GetStateVariables</name>
			<argumentList>
				<argument>
					<name>InstanceID</name>
					<direction>in</direction>
					<relatedStateVariable>A_ARG_TYPE_InstanceID</relatedStateVariable>
				</argument>
				<argument>
					<name>StateVariableList</name>
					<direction>in</direction>
					<relatedStateVariable>A_ARG_TYPE_StateVariableList</relatedStateVariable>
				</argument>
				<argument>
					<name>StateVariableValuePairs</name>
					<direction>out</direction>
					<relatedStateVariable>A_ARG_TYPE_StateVariableValuePairs</relatedStateVariable>
				</argument>
			</argumentList>
		</action>

		<action>
			<Optional/>
			<name>SetStateVariables</name>
			<argumentList>
				<argument>
					<name>InstanceID</name>
					<direction>in</direction>
					<relatedStateVariable>A_ARG_TYPE_InstanceID</relatedStateVariable>
				</argument>
				<argument>
					<name>AVTransportUDN</name>
					<direction>in</direction>
					<relatedStateVariable>A_ARG_TYPE_DeviceUDN</relatedStateVariable>
				</argument>
				<argument>
					<name>ServiceType</name>
					<direction>in</direction>
					<relatedStateVariable>A_ARG_TYPE_ServiceType</relatedStateVariable>
				</argument>
				<argument>
					<name>ServiceId</name>
					<direction>in</direction>
					<relatedStateVariable>A_ARG_TYPE_ServiceID</relatedStateVariable>
				</argument>
				<argument>
					<name>StateVariableValuePairs</name>
					<direction>in</direction>
					<relatedStateVariable>A_ARG_TYPE_StateVariableValuePairs</relatedStateVariable>
				</argument>
				<argument>
					<name>StateVariableList</name>
					<direction>out</direction>
					<relatedStateVariable>A_ARG_TYPE_StateVariableList</relatedStateVariable>
				</argument>
			</argumentList>
		</action>

		<action>
			<Optional/>
			<name>AdjustSyncOffset</name>
			<argumentList>
				<argument>
					<name>InstanceID</name>
					<direction>in</direction>
					<relatedStateVariable>A_ARG_TYPE_InstanceID</relatedStateVariable>
				</argument>
				<argument>
					<name>Adjustment</name>
					<direction>in</direction>
					<relatedStateVariable>A_ARG_TYPE_SyncOffsetAdj</relatedStateVariable>
				</argument>
			</argumentList>
		</action>

		<action>
			<Optional/>
			<name>GetSyncOffset</name>
			<argumentList>
				<argument>
					<name>InstanceID</name>
					<direction>in</direction>
					<relatedStateVariable>A_ARG_TYPE_InstanceID</relatedStateVariable>
				</argument>
				<argument>
					<name>CurrentSyncOffset</name>
					<direction>out</direction>
					<relatedStateVariable>SyncOffset</relatedStateVariable>
				</argument>
			</argumentList>
		</action>

		<action>
			<Optional/>
			<name>SetSyncOffset</name>
			<argumentList>
				<argument>
					<name>InstanceID</name>
					<direction>in</direction>
					<relatedStateVariable>A_ARG_TYPE_InstanceID</relatedStateVariable>
				</argument>
				<argument>
					<name>NewSyncOffset</name>
					<direction>in</direction>
					<relatedStateVariable>SyncOffset</relatedStateVariable>
				</argument>
			</argumentList>
		</action>

		<action>
			<Optional/>
			<name>SyncPlay</name>
			<argumentList>
				<argument>
					<name>InstanceID</name>
					<direction>in</direction>
					<relatedStateVariable>A_ARG_TYPE_InstanceID</relatedStateVariable>
				</argument>
				<argument>
					<name>Speed</name>
					<direction>in</direction>
					<relatedStateVariable>TransportPlaySpeed</relatedStateVariable>
				</argument>
				<argument>
					<name>ReferencePositionUnits</name>
					<direction>in</direction>
					<relatedStateVariable>A_ARG_TYPE_SeekMode</relatedStateVariable>
				</argument>
				<argument>
					<name>ReferencePosition</name>
					<direction>in</direction>
					<relatedStateVariable>A_ARG_TYPE_SeekTarget</relatedStateVariable>
				</argument>
				<argument>
					<name>ReferencePresentationTime</name>
					<direction>in</direction>
					<relatedStateVariable>A_ARG_TYPE_PresentationTime</relatedStateVariable>
				</argument>
				<argument>
					<name>ReferenceClockId</name>
					<direction>in</direction>
					<relatedStateVariable>A_ARG_TYPE_ClockId</relatedStateVariable>
				</argument>
			</argumentList>
		</action>

		<action>
			<Optional/>
			<name>SyncPause</name>
			<argumentList>
				<argument>
					<name>InstanceID</name>
					<direction>in</direction>
					<relatedStateVariable>A_ARG_TYPE_InstanceID</relatedStateVariable>
				</argument>
				<argument>
					<name>PauseTime</name>
					<direction>in</direction>
					<relatedStateVariable>A_ARG_TYPE_PresentationTime</relatedStateVariable>
				</argument>
				<argument>
					<name>ReferenceClockId</name>
					<direction>in</direction>
					<relatedStateVariable>A_ARG_TYPE_ClockId</relatedStateVariable>
				</argument>
			</argumentList>
		</action>

		<action>
			<Optional/>
			<name>SyncStop</name>
			<argumentList>
				<argument>
					<name>InstanceID</name>
					<direction>in</direction>
					<relatedStateVariable>A_ARG_TYPE_InstanceID</relatedStateVariable>
				</argument>
				<argument>
					<name>StopTime</name>
					<direction>in</direction>
					<relatedStateVariable>A_ARG_TYPE_PresentationTime</relatedStateVariable>
				</argument>
				<argument>
					<name>ReferenceClockId</name>
					<direction>in</direction>
					<relatedStateVariable>A_ARG_TYPE_ClockId</relatedStateVariable>
				</argument>
			</argumentList>
		</action>

		<action>
			<Optional/>
			<name>SetStaticPlaylist</name>
			<argumentList>
				<argument>
					<name>InstanceID</name>
					<direction>in</direction>
					<relatedStateVariable>A_ARG_TYPE_InstanceID</relatedStateVariable>
				</argument>
				<argument>
					<name>PlaylistData</name>
					<direction>in</direction>
					<relatedStateVariable>A_ARG_TYPE_PlaylistData</relatedStateVariable>
				</argument>
				<argument>
					<name>PlaylistDataLength</name>
					<direction>in</direction>
					<relatedStateVariable>A_ARG_TYPE_PlaylistDataLength</relatedStateVariable>
				</argument>
				<argument>
					<name>PlaylistOffset</name>
					<direction>in</direction>
					<relatedStateVariable>A_ARG_TYPE_PlaylistOffset</relatedStateVariable>
				</argument>
				<argument>
					<name>PlaylistTotalLength</name>
					<direction>in</direction>
					<relatedStateVariable>A_ARG_TYPE_PlaylistTotalLength</relatedStateVariable>
				</argument>
				<argument>
					<name>PlaylistMIMEType</name>
					<direction>in</direction>
					<relatedStateVariable>A_ARG_TYPE_PlaylistMIMEType</relatedStateVariable>
				</argument>
				<argument>
					<name>PlaylistExtendedType</name>
					<direction>in</direction>
					<relatedStateVariable>A_ARG_TYPE_PlaylistExtendedType</relatedStateVariable>
				</argument>
				<argument>
					<name>PlaylistStartObj</name>
					<direction>in</direction>
					<relatedStateVariable>A_ARG_TYPE_PlaylistStartObjID</relatedStateVariable>
				</argument>
				<argument>
					<name>PlaylistStartGroup</name>
					<direction>in</direction>
					<relatedStateVariable>A_ARG_TYPE_PlaylistStartGroupID</relatedStateVariable>
				</argument>
			</argumentList>
		</action>

		<action>
			<Optional/>
			<name>SetStreamingPlaylist</name>
			<argumentList>
				<argument>
					<name>InstanceID</name>
					<direction>in</direction>
					<relatedStateVariable>A_ARG_TYPE_InstanceID</relatedStateVariable>
				</argument>
				<argument>
					<name>PlaylistData</name>
						<direction>in</direction>
						<relatedStateVariable>A_ARG_TYPE_PlaylistData</relatedStateVariable>
				</argument>
				<argument>
					<name>PlaylistDataLength</name>
					<direction>in</direction>
					<relatedStateVariable>A_ARG_TYPE_PlaylistDataLength</relatedStateVariable>
				</argument>
				<argument>
					<name>PlaylistMIMEType</name>
					<direction>in</direction>
					<relatedStateVariable>A_ARG_TYPE_PlaylistMIMEType</relatedStateVariable>
				</argument>
				<argument>
					<name>PlaylistExtendedType</name>
					<direction>in</direction>
					<relatedStateVariable>A_ARG_TYPE_PlaylistExtendedType</relatedStateVariable>
				</argument>
				<argument>
					<name>PlaylistStep</name>
					<direction>in</direction>
					<relatedStateVariable>A_ARG_TYPE_PlaylistStep</relatedStateVariable>
				</argument>
			</argumentList>
		</action>

		<action>
			<Optional/>
			<name>GetPlaylistInfo</name>
			<argumentList>
				<argument>
					<name>InstanceID</name>
					<direction>in</direction>
					<relatedStateVariable>A_ARG_TYPE_InstanceID</relatedStateVariable>
				</argument>
				<argument>
					<name>PlaylistType</name>
					<direction>in</direction>
					<relatedStateVariable>A_ARG_TYPE_PlaylistType</relatedStateVariable>
				</argument>
				<argument>
					<name>PlaylistInfo</name>
					<direction>out</direction>
					<relatedStateVariable>A_ARG_TYPE_PlaylistInfo</relatedStateVariable>
				</argument>
			</argumentList>
		</action>
	</actionList>
</scpd>
