﻿<scpd xmlns="urn:schemas-upnp-org:service-1-0">
	<specVersion>
		<major>1</major>
		<minor>0</minor>
	</specVersion>
	<actionList>
		<action>
			<name>GetAppInfoByIDs</name>
			<argumentList>
				<argument>
					<name>AppIDs</name>
					<direction>in</direction>
					<relatedStateVariable>
						A_ARG_TYPE_AppIDs
					</relatedStateVariable>
				</argument>
				<argument>
					<name>AppInfo</name>
					<direction>out</direction>
					<relatedStateVariable>
						A_ARG_TYPE_AppInfo
					</relatedStateVariable>
				</argument>
			</argumentList>
		</action>
		<action>
			<name>GetSupportedTargetFields</name>
			<argumentList>
				<argument>
					<name>SupportedTargetFields</name>
					<direction>out</direction>
					<relatedStateVariable>
						SupportedTargetFields
					</relatedStateVariable>
				</argument>
			</argumentList>
		</action>
		<action>
			<name>GetAppIDList</name>
			<argumentList>
				<argument>
					<name>Target</name>
					<direction>in</direction>
					<relatedStateVariable>
						A_ARG_TYPE_Target
					</relatedStateVariable>
				</argument>
				<argument>
					<name>TargetFields</name>
					<direction>in</direction>
					<relatedStateVariable>
						A_ARG_TYPE_TargetFields
					</relatedStateVariable>
				</argument>
				<argument>
					<name>AppIDs</name>
					<direction>out</direction>
					<relatedStateVariable>
						A_ARG_TYPE_AppIDs
					</relatedStateVariable>
				</argument>
			</argumentList>
		</action>
		<action>
			<name>GetRunningAppList</name>
			<argumentList>
				<argument>
					<name>RunningAppList</name>
					<direction>out</direction>
					<relatedStateVariable>
						RunningAppList
					</relatedStateVariable>
				</argument>
			</argumentList>
		</action>
		<action>
			<name>GetRunningStatus</name>
			<argumentList>
				<argument>
					<name>AppIDs</name>
					<direction>in</direction>
					<relatedStateVariable>
						A_ARG_TYPE_AppIDs
					</relatedStateVariable>
				</argument>
				<argument>
					<name>RunningStatus</name>
					<direction>out</direction>
					<relatedStateVariable>
						A_ARG_TYPE_AppInfo
					</relatedStateVariable>
				</argument>
			</argumentList>
		</action>
		<action>
			<name>StartAppByID</name>
			<argumentList>
				<argument>
					<name>AppID</name>
					<direction>in</direction>
					<relatedStateVariable>
						A_ARG_TYPE_AppIDs
					</relatedStateVariable>
				</argument>
				<argument>
					<name>StartParameters</name>
					<direction>in</direction>
					<relatedStateVariable>
						A_ARG_TYPE_Parameters
					</relatedStateVariable>
				</argument>
			</argumentList>
		</action>
		<action>
			<name>StartAppByURI</name>
			<argumentList>
				<argument>
					<name>StartURI</name>
					<direction>in</direction>
					<relatedStateVariable>
						A_ARG_TYPE_URI
					</relatedStateVariable>
				</argument>
				<argument>
					<name>AppInfo</name>
					<direction>in</direction>
					<relatedStateVariable>
						A_ARG_TYPE_AppInfo
					</relatedStateVariable>
				</argument>
				<argument>
					<name>StartParameters</name>
					<direction>in</direction>
					<relatedStateVariable>
						A_ARG_TYPE_Parameters
					</relatedStateVariable>
				</argument>
				<argument>
					<name>AppID</name>
					<direction>out</direction>
					<relatedStateVariable>
						A_ARG_TYPE_AppIDs
					</relatedStateVariable>
				</argument>
			</argumentList>
		</action>
		<action>
			<name>StopApp</name>
			<argumentList>
				<argument>
					<name>AppIDs</name>
					<direction>in</direction>
					<relatedStateVariable>
						A_ARG_TYPE_AppIDs
					</relatedStateVariable>
				</argument>
				<argument>
					<name>StoppedAppIDs</name>
					<direction>out</direction>
					<relatedStateVariable>
						A_ARG_TYPE_AppIDs
					</relatedStateVariable>
				</argument>
			</argumentList>
		</action>
		<action>
			<name>GetAppConnectionInfo</name>
			<argumentList>
				<argument>
					<name>AppIDs</name>
					<direction>in</direction>
					<relatedStateVariable>
						A_ARG_TYPE_AppIDs
					</relatedStateVariable>
				</argument>
				<argument>
					<name>ConnectionInfo</name>
					<direction>out</direction>
					<relatedStateVariable>
						A_ARG_TYPE_AppInfo
					</relatedStateVariable>
				</argument>
			</argumentList>
		</action>
		<!--Declarations for other actions added by UPnP vendor
		(if any) go here-->
	</actionList>
	<serviceStateTable>
		<stateVariable sendEvents="no">
			<name>A_ARG_TYPE_AppIDs</name>
			<dataType>string</dataType>
		</stateVariable>
		<stateVariable sendEvents="no">
			<name>AppInfoList</name>
			<dataType>string</dataType>
		</stateVariable>
		<stateVariable sendEvents="no">
			<name>A_ARG_TYPE_AppInfo</name>
			<dataType>string</dataType>
		</stateVariable>
		<stateVariable sendEvents="no">
			<name>SupportedTargetFields</name>
			<dataType>string</dataType>
		</stateVariable>
		<stateVariable sendEvents="no">
			<name>A_ARG_TYPE_Target</name>
			<dataType>string</dataType>
		</stateVariable>
		<stateVariable sendEvents="no">
			<name>A_ARG_TYPE_TargetFields</name>
			<dataType>string</dataType>
		</stateVariable>
		<stateVariable sendEvents="yes">
			<name>RunningAppList</name>
			<dataType>string</dataType>
		</stateVariable>
		<stateVariable sendEvents="no">
			<name>A_ARG_TYPE_URI</name>
			<dataType>string</dataType>
		</stateVariable>
		<stateVariable sendEvents="no">
			<name>A_ARG_TYPE_Parameters</name>
			<dataType>string</dataType>
		</stateVariable>
		<!--Declarations for other state variables added by 
		UPnP vendor (if any) go here-->
	</serviceStateTable>
</scpd>
