<?xml version="1.0" encoding="utf-8"?>
<scpd xmlns="urn:schemas-upnp-org:service-1-0">
	<specVersion>
		<major>1</major>
		<minor>0</minor>
	</specVersion>
	<actionList>
		<action>
			<name>GetInputCapability</name>
			<argumentList>
				<argument>
					<name>SupportedCapabilities</name>
					<direction>out</direction>
					<relatedStateVariable>DeviceInputCapability</relatedStateVariable>
				</argument>
			</argumentList>
		</action>
		<action>
			<name>GetInputConnectionList</name>
			<argumentList>
				<argument>
					<name>CurrentConnectionList</name>
					<direction>out</direction>
					<relatedStateVariable>InputConnectionList</relatedStateVariable>
				</argument>
			</argumentList>
		</action>
		<action>
			<name>SetInputSession</name>
			<argumentList>
				<argument>
					<name>SelectedCapability</name>
					<direction>in</direction>
					<relatedStateVariable>A_ARG_TYPE_InputCapability</relatedStateVariable>
				</argument>
				<argument>
					<name>ReceiverInfo</name>
					<direction>in</direction>
					<relatedStateVariable>A_ARG_TYPE_ConnectionInfo</relatedStateVariable>
				</argument>
				<argument>
					<name>PeerDeviceInfo</name>
					<direction>in</direction>
					<relatedStateVariable>A_ARG_TYPE_DeviceInfo</relatedStateVariable>
				</argument>
				<argument>
					<name>SessionID</name>
					<direction>out</direction>
					<relatedStateVariable>A_ARG_TYPE_InputSessionID</relatedStateVariable>
				</argument>
				<argument>
					<name>ConnectionInfo</name>
					<direction>out</direction>
					<relatedStateVariable>A_ARG_TYPE_ConnectionInfo</relatedStateVariable>
				</argument>
			</argumentList>
		</action>
		<action>
			<name>StartInputSession</name>
			<argumentList>
				<argument>
					<name>SessionID</name>
					<direction>in</direction>
					<relatedStateVariable>A_ARG_TYPE_InputSessionID</relatedStateVariable>
				</argument>
			</argumentList>
		</action>
		<action>
			<name>StopInputsession</name>
			<argumentList>
				<argument>
					<name>SessionID</name>
					<direction>in</direction>
					<relatedStateVariable>A_ARG_TYPE_InputSessionID</relatedStateVariable>
				</argument>
			</argumentList>
		</action>
		<action>
			<name>SwitchInputSession</name>
			<argumentList>
				<argument>
					<name>SessionID</name>
					<direction>in</direction>
					<relatedStateVariable>A_ARG_TYPE_InputSessionID</relatedStateVariable>
				</argument>
			</argumentList>
		</action>
		<action>
			<name>SetMultiInputMode</name>
			<argumentList>
				<argument>
					<name>NewMultiInputMode</name>
					<direction>in</direction>
					<relatedStateVariable>A_ARG_TYPE_MultiInputMode</relatedStateVariable>
				</argument>
			</argumentList>
		</action>
		<action>
			<name>SetMonopolizedSender</name>
			<argumentList>
				<argument>
					<name>OwnerDeviceInfo</name>
					<direction>in</direction>
					<relatedStateVariable>A_ARG_TYPE_DeviceInfo</relatedStateVariable>
				</argument>
				<argument>
					<name>OwnedSessionID</name>
					<direction>in</direction>
					<relatedStateVariable>A_ARG_TYPE_InputSessionID</relatedStateVariable>
				</argument>
			</argumentList>
		</action>
	</actionList>
	<serviceStateTable>
		<stateVariable sendEvents="yes">
			<name>DeviceInputCapability</name>
			<dataType>string</dataType>
		</stateVariable>
		<stateVariable sendEvents="no">
			<name>InputConnectionList</name>
			<dataType>string</dataType>
			</stateVariable>
		<stateVariable sendEvents="yes">
			<name>RequiredInputType</name>
			<dataType>string</dataType>
		</stateVariable>
		<stateVariable sendEvents="no">
			<name>A_ARG_TYPE_ConnectionInfo</name>
			<dataType>string</dataType>
		</stateVariable>
		<stateVariable sendEvents="no">
			<name>A_ARG_TYPE_InputCapability</name>
			<dataType>string</dataType>
		</stateVariable>
		<stateVariable sendEvents="no">
			<name>A_ARG_TYPE_DeviceInfo</name>
			<dataType>string</dataType>
		</stateVariable>
		<stateVariable sendEvents="no">
			<name>A_ARG_TYPE_InputSessionID</name>
			<dataType>ui4</dataType>
		</stateVariable>
		<stateVariable sendEvents="no">
			<name>A_ARG_TYPE_MultiInputMode</name>
			<dataType>string</dataType>
			<allowedValueList>
				<allowedValue>1</allowedValue>
				<allowedValue>2</allowedValue>
				<allowedValue>3</allowedValue>
			</allowedValueList>
			<defaultValue>2</defaultValue>
		</stateVariable>
	</serviceStateTable>
</scpd>