<?xml version="1.0"?>
<scpd xmlns="urn:schemas-upnp-org:service-1-0">

	<specVersion>
		<major>1</major>
		<minor>0</minor>
	</specVersion>

	<actionList>
		<action>
			<name>GetMediaCapabilities</name>
			<argumentList>
				<argument>
					<name>TSMediaCapabilityInfo</name>
					<direction>in</direction>
					<relatedStateVariable>A_ARG_TYPE_MediaCapabilityInfo</relatedStateVariable>
				</argument>			
				<argument>
					<name>SupportedMediaCapabilityInfo</name>
					<direction>out</direction>
					<relatedStateVariable>A_ARG_TYPE_MediaCapabilityInfo</relatedStateVariable>
				</argument>
			</argumentList>
		</action>

		<action>
			<name>GetMediaSessionInfo</name>
			<argumentList>
				<argument>
					<name>TargetMediaSessionID</name>
					<direction>in</direction>
					<relatedStateVariable>A_ARG_TYPE_MediaSessionID</relatedStateVariable>
				</argument>
				<argument>
					<name>MediaSessionInfoList</name>
					<direction>out</direction>
					<relatedStateVariable>A_ARG_TYPE_MediaSessionInfoList</relatedStateVariable>
				</argument>
			</argumentList>
		</action>

		<action>
			<name>StartMediaSession</name>
			<argumentList>
				<argument>
					<name>TSMediaCapabilityInfo</name>
					<direction>in</direction>
					<relatedStateVariable>A_ARG_TYPE_MediaCapabilityInfo</relatedStateVariable>
				</argument>
				<argument>
					<name>MediaSessionID</name>
					<direction>out</direction>
					<relatedStateVariable>A_ARG_TYPE_MediaSessionID</relatedStateVariable>
				</argument>
				<argument>
					<name>TCMediaCapabilityInfo</name>
					<direction>out</direction>
					<relatedStateVariable>A_ARG_TYPE_MediaCapabilityInfo</relatedStateVariable>
				</argument>
			</argumentList>
		</action>

		<action>
			<name>StopMediaSession</name>
			<argumentList>
				<argument>
					<name>TargetMediaSessionID</name>
					<direction>in</direction>
					<relatedStateVariable>A_ARG_TYPE_MediaSessionID</relatedStateVariable>
				</argument>
			</argumentList>
		</action>

		<action>
			<name>ModifyMediaSession</name>
			<argumentList>
				<argument>
					<name>TargetMediaSessionID</name>
					<direction>in</direction>
					<relatedStateVariable>A_ARG_TYPE_MediaSessionID</relatedStateVariable>
				</argument>
				<argument>
					<name>NewMediaCapabilityInfo</name>
					<direction>in</direction>
					<relatedStateVariable>A_ARG_TYPE_MediaCapabilityInfo</relatedStateVariable>
				</argument>
				<argument>
					<name>TCMediaCapabilityInfo</name>
					<direction>out</direction>
					<relatedStateVariable>A_ARG_TYPE_MediaCapabilityInfo</relatedStateVariable>
				</argument>
			</argumentList>
		</action>

	</actionList>

	<serviceStateTable>

		<stateVariable sendEvents="yes">
			<name>MediaSessionInfo</name>
			<dataType>string</dataType>
		</stateVariable>

		<stateVariable sendEvents="no">
			<name>A_ARG_TYPE_MediaCapabilityInfo</name>
			<dataType>string</dataType>
		</stateVariable>

		<stateVariable sendEvents="no">
			<name>A_ARG_TYPE_MediaSessionID</name>
			<dataType>string</dataType>
		</stateVariable>

		<stateVariable sendEvents="no">
			<name>A_ARG_TYPE_MediaSessionInfoList</name>
			<dataType>string</dataType>
		</stateVariable>

	</serviceStateTable>
</scpd>