<?xml version="1.0" encoding="utf-8"?>
<scpd xmlns="urn:schemas-upnp-org:service-1-0">
	<specVersion>
		<major>1</major>
		<minor>0</minor>
	</specVersion>
	<actionList>
		<action>
			<name>GetTelephonyIdentity</name>
			<argumentList>
				<argument>
					<name>TelephonyIdentity</name>
					<direction>out</direction>
					<relatedStateVariable>A_ARG_TYPE_TelephonyServerIdentity</relatedStateVariable>
				</argument>
			</argumentList>
		</action>
		<action>
			<name>GetMessagingCapabilities</name>
			<argumentList>
				<argument>
					<name>SupportedCapabilities</name>
					<direction>out</direction>
					<relatedStateVariable>A_ARG_TYPE_MessagingCapabilities</relatedStateVariable>
				</argument>
			</argumentList>
		</action>
		<action>
			<name>GetNewMessages</name>
			<argumentList>
				<argument>
					<name>NewMessages</name>
					<direction>out</direction>
					<relatedStateVariable>NewMessages</relatedStateVariable>
				</argument>
			</argumentList>
		</action>
		<action>
			<name>SearchMessages</name>
			<argumentList>
				<argument>
					<name>MessageClass</name>
					<direction>in</direction>
					<relatedStateVariable>A_ARG_TYPE_MessageClass</relatedStateVariable>
				</argument>
				<argument>
					<name>MessageFolder</name>
					<direction>in</direction>
					<relatedStateVariable>A_ARG_TYPE_MessageFolder</relatedStateVariable>
				</argument>
				<argument>
					<name>MessageStatus</name>
					<direction>in</direction>
					<relatedStateVariable>A_ARG_TYPE_MessageStatus</relatedStateVariable>
				</argument>
				<argument>
					<name>SessionID</name>
					<direction>in</direction>
					<relatedStateVariable>A_ARG_TYPE_SessionID</relatedStateVariable>
				</argument>
				<argument>
					<name>MessageList</name>
					<direction>out</direction>
					<relatedStateVariable>A_ARG_TYPE_MessageList</relatedStateVariable>
				</argument>
			</argumentList>
		</action>
		<action>
			<name>ReadMessage</name>
			<argumentList>
				<argument>
					<name>MessageID</name>
					<direction>in</direction>
					<relatedStateVariable>A_ARG_TYPE_MessageID</relatedStateVariable>
				</argument>
				<argument>
					<name>MessageRequested</name>
					<direction>out</direction>
					<relatedStateVariable>A_ARG_TYPE_Message</relatedStateVariable>
				</argument>
			</argumentList>
		</action>
		<action>
			<name>SendMessage</name>
			<argumentList>
				<argument>
					<name>MessageToSend</name>
					<direction>in</direction>
					<relatedStateVariable>A_ARG_TYPE_Message</relatedStateVariable>
				</argument>
				<argument>
					<name>MessageID</name>
					<direction>out</direction>
					<relatedStateVariable>A_ARG_TYPE_MessageID</relatedStateVariable>
				</argument>
			</argumentList>
		</action>
		<action>
			<name>DeleteMessage</name>
			<argumentList>
				<argument>
					<name>MessageID</name>
					<direction>in</direction>
					<relatedStateVariable>A_ARG_TYPE_MessageID</relatedStateVariable>
				</argument>
			</argumentList>
		</action>
		<action>
			<name>CreateSession</name>
			<argumentList>
				<argument>
					<name>SessionClass</name>
					<direction>in</direction>
					<relatedStateVariable>A_ARG_TYPE_SessionClass</relatedStateVariable>
				</argument>
				<argument>
					<name>SessionRecipients</name>
					<direction>in</direction>
					<relatedStateVariable>A_ARG_TYPE_RecipientsList</relatedStateVariable>
				</argument>
				<argument>
					<name>Subject</name>
					<direction>in</direction>
					<relatedStateVariable>A_ARG_TYPE_Subject</relatedStateVariable>
				</argument>
				<argument>
					<name>SupportedContentType</name>
					<direction>in</direction>
					<relatedStateVariable>A_ARG_TYPE_SupportedContentType</relatedStateVariable>
				</argument>
				<argument>
					<name>SessionID</name>
					<direction>out</direction>
					<relatedStateVariable>A_ARG_TYPE_SessionID</relatedStateVariable>
				</argument>
			</argumentList>
		</action>
		<action>
			<name>ModifySession</name>
			<argumentList>
				<argument>
					<name>SessionID</name>
					<direction>in</direction>
					<relatedStateVariable>A_ARG_TYPE_SessionID</relatedStateVariable>
				</argument>
				<argument>
					<name>SessionRecipientsToAdd</name>
					<direction>in</direction>
					<relatedStateVariable>A_ARG_TYPE_RecipientsList</relatedStateVariable>
				</argument>
				<argument>
					<name>SessionRecipientsToRemove</name>
					<direction>in</direction>
					<relatedStateVariable>A_ARG_TYPE_RecipientsList</relatedStateVariable>
				</argument>
				<argument>
					<name>Subject</name>
					<direction>in</direction>
					<relatedStateVariable>A_ARG_TYPE_Subject</relatedStateVariable>
				</argument>
				<argument>
					<name>SupportedContentType</name>
					<direction>in</direction>
					<relatedStateVariable>A_ARG_TYPE_SupportedContentType</relatedStateVariable>
				</argument>
				<argument>
					<name>SessionClass</name>
					<direction>in</direction>
					<relatedStateVariable>A_ARG_TYPE_SessionClass</relatedStateVariable>
				</argument>
			</argumentList>
		</action>
		<action>
			<name>AcceptSession</name>
			<argumentList>
				<argument>
					<name>SessionID</name>
					<direction>in</direction>
					<relatedStateVariable>A_ARG_TYPE_SessionID</relatedStateVariable>
				</argument>
			</argumentList>
		</action>
		<action>
			<name>GetSessionUpdates</name>
			<argumentList>
				<argument>
					<name>SessionUpdates</name>
					<direction>out</direction>
					<relatedStateVariable>SessionUpdates</relatedStateVariable>
				</argument>
			</argumentList>
		</action>
		<action>
			<name>GetSessions</name>
			<argumentList>
				<argument>
					<name>SessionID</name>
					<direction>in</direction>
					<relatedStateVariable>A_ARG_TYPE_SessionID</relatedStateVariable>
				</argument>
				<argument>
					<name>SessionClass</name>
					<direction>in</direction>
					<relatedStateVariable>A_ARG_TYPE_SessionClass</relatedStateVariable>
				</argument>
				<argument>
					<name>SessionStatus</name>
					<direction>in</direction>
					<relatedStateVariable>A_ARG_TYPE_SessionStatus</relatedStateVariable>
				</argument>
				<argument>
					<name>SessionsList</name>
					<direction>out</direction>
					<relatedStateVariable>A_ARG_TYPE_SessionsList</relatedStateVariable>
				</argument>
			</argumentList>
		</action>
		<action>
			<name>JoinSession</name>
			<argumentList>
				<argument>
					<name>SessionID</name>
					<direction>in</direction>
					<relatedStateVariable>A_ARG_TYPE_SessionID</relatedStateVariable>
				</argument>
			</argumentList>
		</action>
		<action>
			<name>LeaveSession</name>
			<argumentList>
				<argument>
					<name>SessionID</name>
					<direction>in</direction>
					<relatedStateVariable>A_ARG_TYPE_SessionID</relatedStateVariable>
				</argument>
			</argumentList>
		</action>
		<action>
			<name>CloseSession</name>
			<argumentList>
				<argument>
					<name>SessionID</name>
					<direction>in</direction>
					<relatedStateVariable>A_ARG_TYPE_SessionID</relatedStateVariable>
				</argument>
			</argumentList>
		</action>
		<action>
			<name>StartFileTransfer</name>
			<argumentList>
				<argument>
					<name>FileInfoList</name>
					<direction>in</direction>
					<relatedStateVariable>A_ARG_TYPE_FileInfoList</relatedStateVariable>
				</argument>
			</argumentList>
		</action>
		<action>
			<name>CancelFileTransfer</name>
			<argumentList>
				<argument>
					<name>SessionID</name>
					<direction>in</direction>
					<relatedStateVariable>A_ARG_TYPE_SessionID</relatedStateVariable>
				</argument>
			</argumentList>
		</action>
		<action>
			<name>GetFileTransferSession</name>
			<argumentList>
				<argument>
					<name>SessionID</name>
					<direction>in</direction>
					<relatedStateVariable>A_ARG_TYPE_SessionID</relatedStateVariable>
				</argument>
				<argument>
					<name>FileInfoList</name>
					<direction>out</direction>
					<relatedStateVariable>A_ARG_TYPE_FileInfoList</relatedStateVariable>
				</argument>
			</argumentList>
		</action>
	</actionList>
	<serviceStateTable>
		<stateVariable sendEvents="no">
			<name>A_ARG_TYPE_TelephonyServerIdentity</name>
			<dataType>string</dataType>
		</stateVariable>
		<stateVariable sendEvents="no">
			<name>A_ARG_TYPE_MessagingCapabilities</name>
			<dataType>string</dataType>
		</stateVariable>
		<stateVariable sendEvents="yes">
			<name>NewMessages</name>
			<dataType>string</dataType>
		</stateVariable>
		<stateVariable sendEvents="yes">
			<name>SessionUpdates</name>
			<dataType>string</dataType>
		</stateVariable>
		<stateVariable sendEvents="no">
			<name>A_ARG_TYPE_MessageID</name>
			<dataType>string</dataType>
		</stateVariable>
		<stateVariable sendEvents="no">
			<name>A_ARG_TYPE_MessageClass</name>
			<dataType>string</dataType>
			<allowedValueList>
				<allowedValue>e-Mail</allowedValue>
				<allowedValue>SMS</allowedValue>
				<allowedValue>MMS</allowedValue>
				<allowedValue>Instant Message</allowedValue>
				<allowedValue>ANY</allowedValue>
			</allowedValueList>
		</stateVariable>
		<stateVariable sendEvents="no">
			<name>A_ARG_TYPE_MessageFolder</name>
			<dataType>string</dataType>
			<allowedValueList>
				<allowedValue>Received</allowedValue>
				<allowedValue>Outgoing</allowedValue>
				<allowedValue>Sent</allowedValue>
				<allowedValue>Deleted</allowedValue>
				<allowedValue>ClosedSession</allowedValue>
				<allowedValue>ANY</allowedValue>
			</allowedValueList>
			<defaultValue>Received</defaultValue>
		</stateVariable>
		<stateVariable sendEvents="no">
			<name>A_ARG_TYPE_MessageStatus</name>
			<dataType>string</dataType>
			<allowedValueList>
				<allowedValue>Read</allowedValue>
				<allowedValue>Unread</allowedValue>
				<allowedValue>ANY</allowedValue>
			</allowedValueList>
		</stateVariable>
		<stateVariable sendEvents="no">
			<name>A_ARG_TYPE_Message</name>
			<dataType>string</dataType>
		</stateVariable>
		<stateVariable sendEvents="no">
			<name>A_ARG_TYPE_MessageList</name>
			<dataType>string</dataType>
		</stateVariable>
		<stateVariable sendEvents="no">
			<name>A_ARG_TYPE_SessionID</name>
			<dataType>string</dataType>
		</stateVariable>
		<stateVariable sendEvents="no">
			<name>A_ARG_TYPE_SessionClass</name>
			<dataType>string</dataType>
			<allowedValueList>
				<allowedValue>e-Mail</allowedValue>
				<allowedValue>SMS</allowedValue>
				<allowedValue>MMS</allowedValue>
				<allowedValue>Chat</allowedValue>
				<allowedValue>File-Transfer</allowedValue>
				<allowedValue>Mixed</allowedValue>
				<allowedValue>ANY</allowedValue>
			</allowedValueList>
			<defaultValue>Chat</defaultValue>
		</stateVariable>
		<stateVariable sendEvents="no">
			<name>A_ARG_TYPE_RecipientsList</name>
			<dataType>string</dataType>
		</stateVariable>
		<stateVariable sendEvents="no">
			<name>A_ARG_TYPE_SessionInfo</name>
			<dataType>string</dataType>
		</stateVariable>
		<stateVariable sendEvents="no">
			<name>A_ARG_TYPE_SessionsList</name>
			<dataType>string</dataType>
		</stateVariable>
		<stateVariable sendEvents="no">
			<name>A_ARG_TYPE_SupportedContentType</name>
			<dataType>string</dataType>
		</stateVariable>
		<stateVariable sendEvents="no">
			<name>A_ARG_TYPE_Subject</name>
			<dataType>string</dataType>
		</stateVariable>
		<stateVariable sendEvents="no">
			<name>A_ARG_TYPE_SessionStatus</name>
			<dataType>string</dataType>
			<allowedValueList>
				<allowedValue>Pending</allowedValue>
				<allowedValue>Running</allowedValue>
				<allowedValue>Parked</allowedValue>
				<allowedValue>Closed</allowedValue>
				<allowedValue>ANY</allowedValue>
			</allowedValueList>
		</stateVariable>
		<stateVariable sendEvents="no">
			<name>A_ARG_TYPE_FileInfoList</name>
			<dataType>string</dataType>
		</stateVariable>
	</serviceStateTable>
</scpd>