 
 <scpd xmlns="urn:schemas-upnp-org:service-1-0">
 <specVersion>
  <major>1</major> 
  <minor>0</minor> 
  </specVersion>
 <actionList>
 <action>
 <name>GetPathInformation</name> 
 <argumentList>
 <argument>
  <name>PathInformation</name> 
  <direction>out</direction> 
  <relatedStateVariable>PathInformation</relatedStateVariable> 
  </argument>
  </argumentList>
  </action>
 <action><Optional/>
  <name>GetRotameterInformation</name> 
 <argumentList>
 <argument>
  <name>RequestedNumRotameterObservations</name> 
  <direction>in</direction> 
  <relatedStateVariable>A_ARG_TYPE_NumRotameterObservations</relatedStateVariable> 
  </argument>
 <argument>
  <name>RotameterObservation</name> 
  <direction>out</direction> 
  <relatedStateVariable>A_ARG_TYPE_RotameterInformation</relatedStateVariable> 
  </argument>
  </argumentList>
  </action>
 <action><Optional/>
  <name>ConfigureRotameterObservation</name> 
 <argumentList>
 <argument>
  <name>RequestedConfRotameterObservations</name> 
  <direction>in</direction> 
  <relatedStateVariable>A_ARG_TYPE_ConfRotameterObservations</relatedStateVariable> 
  </argument>
 <argument>
  <name>MaxPossibleRotameterObservations</name> 
  <direction>out</direction> 
  <relatedStateVariable>A_ARG_TYPE_MaxPossibleRotameterObservations</relatedStateVariable> 
  </argument>
  </argumentList>
  </action>
 <action>
  <name>GetQosDeviceCapabilities</name> 
 <argumentList>
 <argument>
  <name>QosDeviceCapabilities</name> 
  <direction>out</direction> 
  <relatedStateVariable>A_ARG_TYPE_QosDeviceCapabilities</relatedStateVariable> 
  </argument>
  </argumentList>
  </action>
 <action><Optional/>
  <name>GetQosDeviceInfo</name> 
 <argumentList>
 <argument>
  <name>TrafficDescriptor</name> 
  <direction>in</direction> 
  <relatedStateVariable>A_ARG_TYPE_TrafficDescriptor</relatedStateVariable> 
  </argument>
 <argument>
  <name>QosDeviceInfo</name> 
  <direction>out</direction> 
  <relatedStateVariable>A_ARG_TYPE_QosDeviceInfo</relatedStateVariable> 
  </argument>
  </argumentList>
  </action>
 <action>
  <name>GetQosState</name> 
      <argumentList>
         <argument>
            <name>NumberOfTrafficDescriptors</name>
            <direction>out</direction>
            <relatedStateVariable>A_ARG_TYPE_NumTrafficDescriptors</relatedStateVariable>
         </argument>
         <argument>
            <name>QosDeviceState</name>
            <direction>out</direction>
            <relatedStateVariable>A_ARG_TYPE_QosDeviceState</relatedStateVariable>
         </argument>
         <argument>
            <name>ListOfTrafficDescriptors</name>
            <direction>out</direction>
            <relatedStateVariable>A_ARG_TYPE_TrafficDescriptorsPerInterface</relatedStateVariable>
         </argument>
      </argumentList>
  </action>
 <action>
  <name>ReleaseTrafficQos</name> 
 <argumentList>
 <argument>
  <name>ReleaseTrafficHandle</name> 
  <direction>in</direction> 
  <relatedStateVariable>A_ARG_TYPE_TrafficHandle</relatedStateVariable> 
  </argument>
  </argumentList>
  </action>
 <action>
  <name>SetupTrafficQos</name> 
 <argumentList>
 <argument>
  <name>SetupTrafficDescriptor</name> 
  <direction>in</direction> 
  <relatedStateVariable>A_ARG_TYPE_TrafficDescriptor</relatedStateVariable> 
  </argument>
 <argument>
  <name>QosStateId</name> 
  <direction>in</direction> 
  <relatedStateVariable>A_ARG_TYPE_QosStateId</relatedStateVariable> 
  </argument>
  </argumentList>
  </action>
 <action>
  <name>GetExtendedQosState</name> 
      <argumentList>
         <argument>
            <name>InputTrafficDescriptor</name>
            <direction>in</direction>
            <relatedStateVariable>A_ARG_TYPE_TrafficDescriptorContainer</relatedStateVariable>
         </argument>
         <argument>
            <name>TrafficDescriptorsWanted</name>
            <direction>in</direction>
            <relatedStateVariable>A_ARG_TYPE_TrafficDescriptorsWanted</relatedStateVariable>
         </argument>
         <argument>
            <name>QosDeviceInfo</name>
            <direction>out</direction>
            <relatedStateVariable>A_ARG_TYPE_QosDeviceInfoContainer</relatedStateVariable>
         </argument>
         <argument>
            <name>ListOfAdmittedTraffic</name>
            <direction>out</direction>
            <relatedStateVariable>A_ARG_TYPE_ListOfAdmittedTraffic</relatedStateVariable>
         </argument>
         <argument>
            <name>QosDeviceExtendedState</name>
            <direction>out</direction>
            <relatedStateVariable>A_ARG_TYPE_QosDeviceExtendedState</relatedStateVariable>
         </argument>
      </argumentList>
  </action>
 <action><Optional/>
  <name>SetPreferredQph</name> 
 <argumentList>
 <argument>
  <name>PreferredQph</name> 
  <direction>in</direction> 
  <relatedStateVariable>A_ARG_TYPE_PreferredQph</relatedStateVariable> 
  </argument>
         <argument>
            <name>SetPreferredQphResults</name>
            <direction>out</direction>
            <relatedStateVariable>A_ARG_TYPE_SetPreferredQphResults</relatedStateVariable>
         </argument>
         <argument>
            <name>CurrentPreferredQph</name>
            <direction>out</direction>
            <relatedStateVariable>A_ARG_TYPE_PreferredQph</relatedStateVariable>
         </argument>
  </argumentList>
  </action>
 <action>
  <name>AdmitTrafficQos</name> 
 <argumentList>
 <argument>
  <name>AdmitTrafficDescriptor</name> 
  <direction>in</direction> 
  <relatedStateVariable>A_ARG_TYPE_TrafficDescriptor</relatedStateVariable> 
  </argument>
 <argument>
  <name>Resource</name> 
  <direction>in</direction> 
  <relatedStateVariable>A_ARG_TYPE_Resource</relatedStateVariable> 
  </argument>
 <argument>
  <name>AdmitTrafficQosSucceeded</name> 
  <direction>out</direction> 
  <relatedStateVariable>A_ARG_TYPE_AdmitTrafficQosSucceeded</relatedStateVariable> 
  </argument>
 <argument>
  <name>AdmitTrafficQosExtendedResult</name> 
  <direction>out</direction> 
  <relatedStateVariable>A_ARG_TYPE_AdmitTrafficQosExtendedResult</relatedStateVariable> 
  </argument>
 <argument>
  <name>Layer2MappingContainer</name> 
  <direction>out</direction> 
  <relatedStateVariable>A_ARG_TYPE_Layer2MappingContainer</relatedStateVariable> 
  </argument>
  </argumentList>
  </action>
 <action>
  <name>UpdateAdmittedQos</name> 
 <argumentList>
 <argument>
  <name>UpdateTrafficDescriptor</name> 
  <direction>in</direction> 
  <relatedStateVariable>A_ARG_TYPE_TrafficDescriptor</relatedStateVariable> 
  </argument>
 <argument>
  <name>Resource</name> 
  <direction>in</direction> 
  <relatedStateVariable>A_ARG_TYPE_Resource</relatedStateVariable> 
  </argument>
 <argument>
  <name>PreemptingTrafficInfo</name> 
  <direction>in</direction> 
  <relatedStateVariable>A_ARG_TYPE_PreemptingTrafficInfo</relatedStateVariable> 
  </argument>
 <argument>
  <name>AdmitTrafficQosSucceeded</name> 
  <direction>out</direction> 
  <relatedStateVariable>A_ARG_TYPE_AdmitTrafficQosSucceeded</relatedStateVariable> 
  </argument>
 <argument>
  <name>AdmitTrafficQosExtendedResult</name> 
  <direction>out</direction> 
  <relatedStateVariable>A_ARG_TYPE_AdmitTrafficQosExtendedResult</relatedStateVariable> 
  </argument>
 <argument>
  <name>Layer2MappingContainer</name> 
  <direction>out</direction> 
  <relatedStateVariable>A_ARG_TYPE_Layer2MappingContainer</relatedStateVariable> 
  </argument>
  </argumentList>
  </action>
 <action>
  <name>ReleaseAdmittedQos</name> 
 <argumentList>
 <argument>
  <name>ReleaseTrafficHandle</name> 
  <direction>in</direction> 
  <relatedStateVariable>A_ARG_TYPE_TrafficHandle</relatedStateVariable> 
  </argument>
 <argument>
  <name>Resource</name> 
  <direction>in</direction> 
  <relatedStateVariable>A_ARG_TYPE_Resource</relatedStateVariable> 
  </argument>
 <argument>
  <name>PreemptingTrafficInfo</name> 
  <direction>in</direction> 
  <relatedStateVariable>A_ARG_TYPE_PreemptingTrafficInfo</relatedStateVariable> 
  </argument>
  </argumentList>
  </action>
 <action><Optional/>
  <name>GetUnexpectedStreamChanges</name> 
      <argumentList>
         <argument>
            <name>NumberOfUnexpectedStreamChangesRequested</name>
            <direction>in</direction>
            <relatedStateVariable>A_ARG_TYPE_NumberOfUnexpectedStreamChangesRequested</relatedStateVariable>
         </argument>
         <argument>
            <name>MostRecentUnexpectedStreamChanges</name>
            <direction>out</direction>
            <relatedStateVariable>A_ARG_TYPE_ListOfMostRecentUnexpectedStreamChanges</relatedStateVariable>
         </argument>
         <argument>
            <name>NumberOfUnexpectedStreamChangesReported</name>
            <direction>out</direction>
            <relatedStateVariable>A_ARG_TYPE_NumberOfUnexpectedStreamChangesReported</relatedStateVariable>
         </argument>
      </argumentList>
  </action>
 <action><Optional/>
  <name>VerifyTrafficHandle</name> 
 <argumentList>
 <argument>
  <name>TrafficHandleToVerify</name> 
  <direction>in</direction> 
  <relatedStateVariable>A_ARG_TYPE_TrafficHandle</relatedStateVariable> 
  </argument>
 <argument>
  <name>TrafficDescriptorWanted</name> 
  <direction>in</direction> 
  <relatedStateVariable>A_ARG_TYPE_TrafficDescriptorsWanted</relatedStateVariable> 
  </argument>
 <argument>
  <name>TrafficDescriptor</name> 
  <direction>out</direction> 
  <relatedStateVariable>A_ARG_TYPE_TrafficDescriptorContainer</relatedStateVariable> 
  </argument>
  </argumentList>
  </action>
 <action>
  <name>UpdateTrafficLeaseTime</name> 
 <argumentList>
 <argument>
  <name>TrafficHandle</name> 
  <direction>in</direction> 
  <relatedStateVariable>A_ARG_TYPE_TrafficHandle</relatedStateVariable> 
  </argument>
 <argument>
  <name>NewTrafficLeaseTime</name> 
  <direction>in</direction> 
  <relatedStateVariable>A_ARG_TYPE_NewTrafficLeaseTime</relatedStateVariable> 
  </argument>
  </argumentList>
  </action>
 <action><Optional/>
  <name>SetL2Map</name> 
 <argumentList>
 <argument>
  <name>Layer2Mapping</name> 
  <direction>in</direction> 
  <relatedStateVariable>A_ARG_TYPE_Layer2Mapping</relatedStateVariable> 
  </argument>
  </argumentList>
  </action>
  </actionList>
 <serviceStateTable>
 <stateVariable>
  <name>A_ARG_TYPE_TrafficHandle</name> 
  <sendEventsAttribute>no</sendEventsAttribute> 
  <dataType>string</dataType> 
  </stateVariable>
 <stateVariable>
  <name>A_ARG_TYPE_QosStateId</name> 
  <sendEventsAttribute>no</sendEventsAttribute> 
  <dataType>string</dataType> 
  </stateVariable>
 <stateVariable>
  <name>A_ARG_TYPE_QosDeviceState</name> 
  <sendEventsAttribute>no</sendEventsAttribute> 
  <dataType>string</dataType> 
  </stateVariable>
 <stateVariable>
  <name>A_ARG_TYPE_NumTrafficDescriptors</name> 
  <sendEventsAttribute>no</sendEventsAttribute> 
  <dataType>ui4</dataType> 
  </stateVariable>
 <stateVariable>
  <name>A_ARG_TYPE_QosDeviceInfo</name> 
  <sendEventsAttribute>no</sendEventsAttribute> 
  <dataType>string</dataType> 
  </stateVariable>
 <stateVariable>
  <name>PathInformation</name> 
  <sendEventsAttribute>yes</sendEventsAttribute> 
  <dataType>string</dataType> 
  </stateVariable>
 <stateVariable>
  <name>A_ARG_TYPE_QosDeviceCapabilities</name> 
  <sendEventsAttribute>no</sendEventsAttribute> 
  <dataType>string</dataType> 
  </stateVariable>
 <stateVariable>
  <name>A_ARG_TYPE_TrafficDescriptorsPerInterface</name> 
  <sendEventsAttribute>no</sendEventsAttribute> 
  <dataType>string</dataType> 
  </stateVariable>
 <stateVariable>
  <name>A_ARG_TYPE_TrafficDescriptor</name> 
  <sendEventsAttribute>no</sendEventsAttribute> 
  <dataType>string</dataType> 
  </stateVariable>
 <stateVariable>
  <Optional/>
  <name>A_ARG_TYPE_NumRotameterObservations</name> 
  <sendEventsAttribute>no</sendEventsAttribute> 
  <dataType>ui4</dataType> 
  <defaultValue>1</defaultValue> 
  </stateVariable>
 <stateVariable>
  <Optional/>
  <name>A_ARG_TYPE_RotameterInformation</name> 
  <sendEventsAttribute>no</sendEventsAttribute> 
  <dataType>string</dataType> 
  </stateVariable>
 <stateVariable>
  <Optional/>
  <name>A_ARG_TYPE_ConfRotameterObservations</name> 
  <sendEventsAttribute>no</sendEventsAttribute> 
  <dataType>string</dataType> 
  </stateVariable>
 <stateVariable>
  <name>MostRecentStreamAction</name>
  <sendEventsAttribute>yes</sendEventsAttribute>  
  <dataType>string</dataType> 
  </stateVariable>
 <stateVariable>
  <Optional/>
  <name>A_ARG_TYPE_MaxPossibleRotameterObservations</name> 
  <sendEventsAttribute>no</sendEventsAttribute> 
  <dataType>ui4</dataType> 
  </stateVariable>
 <stateVariable>
  <name>A_ARG_TYPE_TrafficDescriptorsWanted</name> 
  <sendEventsAttribute>no</sendEventsAttribute> 
  <dataType>boolean</dataType> 
  </stateVariable>
 <stateVariable>
  <name>A_ARG_TYPE_QosDeviceExtendedState</name> 
  <sendEventsAttribute>no</sendEventsAttribute> 
  <dataType>string</dataType> 
  </stateVariable>
 <stateVariable>
  <name>A_ARG_TYPE_ListOfAdmittedTraffic</name> 
  <sendEventsAttribute>no</sendEventsAttribute> 
  <dataType>string</dataType> 
  </stateVariable>
 <stateVariable>
  <Optional/>
  <name>A_ARG_TYPE_PreferredQph</name> 
  <sendEventsAttribute>no</sendEventsAttribute> 
  <dataType>string</dataType> 
  </stateVariable>
 <stateVariable>
  <name>A_ARG_TYPE_SetPreferredQphResults</name> 
  <sendEventsAttribute>no</sendEventsAttribute> 
  <dataType>ui4</dataType> 
  </stateVariable>
 <stateVariable>
  <name>A_ARG_TYPE_Resource</name> 
  <sendEventsAttribute>no</sendEventsAttribute> 
  <dataType>string</dataType> 
  </stateVariable>
 <stateVariable>
  <name>A_ARG_TYPE_AdmitTrafficQosExtendedResult</name> 
  <sendEventsAttribute>no</sendEventsAttribute> 
  <dataType>string</dataType> 
  </stateVariable>
 <stateVariable>
  <name>A_ARG_TYPE_ListOfAdmittedTraffic</name> 
  <sendEventsAttribute>no</sendEventsAttribute> 
  <dataType>string</dataType> 
  </stateVariable>
 <stateVariable>
  <name>UnexpectedStreamChange</name> 
  <sendEventsAttribute>yes</sendEventsAttribute> 
  <dataType>ui4</dataType> 
  </stateVariable>
 <stateVariable>
  <name>A_ARG_TYPE_PreemptingTrafficInfo</name> 
  <sendEventsAttribute>no</sendEventsAttribute> 
  <dataType>string</dataType> 
  </stateVariable>
 <stateVariable>
  <name>A_ARG_TYPE_ListOfMostRecentUnexpectedStreamChanges</name> 
  <sendEventsAttribute>no</sendEventsAttribute> 
  <dataType>string</dataType> 
  </stateVariable>
 <stateVariable>
  <name>A_ARG_TYPE_Layer2Mapping</name> 
  <sendEventsAttribute>no</sendEventsAttribute> 
  <dataType>string</dataType> 
  </stateVariable>
 <stateVariable>
  <name>A_ARG_TYPE_AdmitTrafficQosSucceeded</name> 
  <sendEventsAttribute>no</sendEventsAttribute> 
  <dataType>boolean</dataType> 
  </stateVariable>
 <stateVariable>
  <name>A_ARG_TYPE_NumberOfUnexpectedStreamChangesRequested</name> 
  <sendEventsAttribute>no</sendEventsAttribute> 
  <dataType>ui4</dataType> 
  </stateVariable>
 <stateVariable>
  <name>A_ARG_TYPE_NumberOfUnexpectedStreamChangesReported</name> 
  <sendEventsAttribute>no</sendEventsAttribute> 
  <dataType>ui4</dataType> 
  </stateVariable>
 <stateVariable>
  <name>A_ARG_TYPE_NewTrafficLeaseTime</name> 
  <sendEventsAttribute>no</sendEventsAttribute> 
  <dataType>ui4</dataType> 
  </stateVariable>
 <stateVariable>
  <name>A_ARG_TYPE_TrafficDescriptorContainer</name> 
  <sendEventsAttribute>no</sendEventsAttribute> 
  <dataType>string</dataType> 
  </stateVariable>
 <stateVariable>
  <name>A_ARG_TYPE_Layer2MappingContainer</name> 
  <sendEventsAttribute>no</sendEventsAttribute> 
  <dataType>string</dataType> 
  </stateVariable>
 <stateVariable>
  <name>A_ARG_TYPE_QosDeviceInfoContainer</name> 
  <sendEventsAttribute>no</sendEventsAttribute> 
  <dataType>string</dataType> 
  </stateVariable>
  </serviceStateTable>
  </scpd>