
 <scpd xmlns="urn:schemas-upnp-org:service-1-0">
 <specVersion>
  <major>1</major> 
  <minor>0</minor> 
  </specVersion>
 <actionList>
 <action>
  <name>GetTrafficPolicy</name> 
 <argumentList>
 <argument>
  <name>RequestedTrafficDescriptor</name> 
  <relatedStateVariable>A_ARG_TYPE_TrafficDescriptor</relatedStateVariable> 
  <direction>in</direction> 
  </argument>
 <argument>
  <name>OutputTrafficPolicy</name> 
  <relatedStateVariable>A_ARG_TYPE_TrafficPolicy</relatedStateVariable> 
  <direction>out</direction> 
  </argument>
  </argumentList>
  </action>
 <action>
  <name>GetListOfTrafficPolicies</name> 
 <argumentList>
 <argument>
  <name>ListOfTrafficDescriptors</name> 
  <relatedStateVariable>A_ARG_TYPE_ListOfTrafficDescriptors</relatedStateVariable> 
  <direction>in</direction> 
  </argument>
 <argument>
  <name>ListOfTrafficPolicies</name> 
  <relatedStateVariable>A_ARG_TYPE_ListOfTrafficPolicies</relatedStateVariable> 
  <direction>out</direction> 
  </argument>
  </argumentList>
  </action>
 <action><Optional/>
  <name>SetAsPreferred</name> 
 <argumentList>
 <argument>
  <name>SelectAsPreferred</name> 
  <relatedStateVariable>A_ARG_TYPE_IsPreferred</relatedStateVariable> 
  <direction>in</direction> 
  </argument>
  </argumentList>
  </action>
 <action><Optional/>
  <name>AddQphPolicy</name> 
 <argumentList>
 <argument>
  <name>QphPolicyRule</name> 
  <relatedStateVariable>A_ARG_TYPE_QphPolicyRule</relatedStateVariable> 
  <direction>in</direction> 
  </argument>
 <argument>
  <name>Position</name> 
  <relatedStateVariable>A_ARG_TYPE_Position</relatedStateVariable> 
  <direction>in</direction> 
  </argument>
 <argument>
  <name>PolicyVersion</name> 
  <relatedStateVariable>PolicyVersion</relatedStateVariable> 
  <direction>in</direction> 
  </argument>
 <argument>
  <name>TrafficImportanceNumber</name> 
  <relatedStateVariable>A_ARG_TYPE_TIN</relatedStateVariable> 
  <direction>out</direction> 
  </argument>
 <argument>
  <name>ImportanceNumber</name> 
  <relatedStateVariable>A_ARG_TYPE_IN</relatedStateVariable> 
  <direction>out</direction> 
  </argument>
 <argument>
  <name>ReasonCode</name> 
  <relatedStateVariable>A_ARG_TYPE_ReasonCode</relatedStateVariable> 
  <direction>out</direction> 
  </argument>
 <argument>
  <name>PolicyHandle</name> 
  <relatedStateVariable>A_ARG_TYPE_PolicyHandle</relatedStateVariable> 
  <direction>out</direction> 
  </argument>
  </argumentList>
  </action>
 <action><Optional/>
  <name>RemoveQphPolicy</name> 
 <argumentList>
 <argument>
  <name>PolicyHandle</name> 
  <relatedStateVariable>A_ARG_TYPE_PolicyHandle</relatedStateVariable>  
  <direction>in</direction> 
  </argument>
  </argumentList>
  </action>
 <action><Optional/>
  <name>RetrieveQphPolicy</name> 
 <argumentList>
 <argument>
  <name>ListPolicyHandle</name> 
  <relatedStateVariable>A_ARG_TYPE_ListPolicyHandle</relatedStateVariable> 
  <direction>in</direction> 
  </argument>
 <argument>
  <name>PolicyVersion</name> 
  <relatedStateVariable>PolicyVersion</relatedStateVariable> 
  <direction>out</direction> 
  </argument>
 <argument>
  <name>ListOfQphPolicyRule</name> 
  <relatedStateVariable>A_ARG_TYPE_ListOfQphPolicyRule</relatedStateVariable> 
  <direction>out</direction> 
  </argument>
  </argumentList>
  </action>
 <action><Optional/>
  <name>GetPolicyVersion</name> 
 <argumentList>
 <argument>
  <name>PolicyVersion</name> 
  <relatedStateVariable>PolicyVersion</relatedStateVariable> 
  <direction>out</direction> 
  </argument>
  </argumentList>
  </action>
  </actionList>
 <serviceStateTable>
 <stateVariable>
  <name>A_ARG_TYPE_TrafficDescriptor</name> 
  <sendEventsAttribute>no</sendEventsAttribute> 
  <dataType>string</dataType> 
  </stateVariable>
 <stateVariable>
  <name>A_ARG_TYPE_TrafficPolicy</name> 
  <sendEventsAttribute>no</sendEventsAttribute> 
  <dataType>string</dataType> 
  </stateVariable>
 <stateVariable>
  <name>A_ARG_TYPE_ListOfTrafficDescriptors</name> 
  <sendEventsAttribute>no</sendEventsAttribute> 
  <dataType>string</dataType> 
  </stateVariable>
 <stateVariable>
  <name>A_ARG_TYPE_ListOfTrafficPolicies</name>   
  <sendEventsAttribute>no</sendEventsAttribute> 
  <dataType>string</dataType> 
  </stateVariable>
 <stateVariable>
  <name>A_ARG_TYPE_IsPreferred</name>   
  <sendEventsAttribute>no</sendEventsAttribute> 
  <dataType>boolean</dataType> 
  </stateVariable>
 <stateVariable><Optional/>
  <name>PolicyVersion</name> 
  <sendEventsAttribute>yes</sendEventsAttribute> 
  <dataType>ui4</dataType> 
  </stateVariable>
 <stateVariable><Optional/>
  <name>A_ARG_TYPE_QphPolicyRule</name> 
  <sendEventsAttribute>no</sendEventsAttribute> 
  <dataType>string</dataType> 
  </stateVariable>
 <stateVariable><Optional/>
  <name>A_ARG_TYPE_ListOfQphPolicyRule</name> 
  <sendEventsAttribute>no</sendEventsAttribute> 
  <dataType>string</dataType> 
  </stateVariable>
 <stateVariable><Optional/>
  <name>A_ARG_TYPE_Position</name> 
  <sendEventsAttribute>no</sendEventsAttribute> 
  <dataType>ui4</dataType> 
  </stateVariable>
 <stateVariable><Optional/>
  <name>A_ARG_TYPE_TIN</name> 
  <sendEventsAttribute>no</sendEventsAttribute> 
  <dataType>ui4</dataType> 
  </stateVariable>
 <stateVariable><Optional/>
  <name>A_ARG_TYPE_IN</name> 
  <sendEventsAttribute>no</sendEventsAttribute> 
  <dataType>ui4</dataType> 
  </stateVariable>
 <stateVariable><Optional/>
  <name>A_ARG_TYPE_ReasonCode</name> 
  <sendEventsAttribute>no</sendEventsAttribute> 
  <dataType>ui4</dataType> 
  </stateVariable>
 <stateVariable><Optional/>
  <name>A_ARG_TYPE_PolicyHandle</name> 
  <sendEventsAttribute>no</sendEventsAttribute> 
  <dataType>ui4</dataType> 
  </stateVariable>
 <stateVariable><Optional/>
  <name>A_ARG_TYPE_ListPolicyHandle</name> 
  <sendEventsAttribute>no</sendEventsAttribute> 
  <dataType>string</dataType> 
  </stateVariable>
  </serviceStateTable>
  </scpd>
