<scpd>
    <serviceStateTable>
        <stateVariable>
            <name>NumberOfEntries</name>
            <sendEventsAttribute>no</sendEventsAttribute> 
            <dataType>ui2</dataType>
            <defaultValue>0</defaultValue>
        </stateVariable>
        <stateVariable>
            <name>Identifier</name>
            <sendEventsAttribute>no</sendEventsAttribute> 
            <dataType>string</dataType>
        </stateVariable>
        <stateVariable>
            <name>Secret</name>
            <sendEventsAttribute>no</sendEventsAttribute> 
            <dataType>string</dataType>
        </stateVariable>
        <stateVariable>
            <name>SecretType</name>
            <sendEventsAttribute>no</sendEventsAttribute> 
            <dataType>string</dataType>
            <allowedValueList>
                <allowedValue>TextPassword</allowedValue>
                <allowedValue>X509Certificate</allowedValue>
                <allowedValue>PublicKey</allowedValue>
                <allowedValue>PublicKeyHash160</allowedValue>
            </allowedValueList>
        </stateVariable>
        <stateVariable>
            <name>AuthType</name>
            <sendEventsAttribute>no</sendEventsAttribute> 
            <dataType>string</dataType>
            <allowedValueList>
                <allowedValue>SharedSecret</allowedValue>
                <allowedValue>ValidateCredentials</allowedValue>
            </allowedValueList>
        </stateVariable>
        <stateVariable>
            <name>AuthState</name>
            <sendEventsAttribute>no</sendEventsAttribute> 
            <dataType>string</dataType>
            <defaultValue>Unconfigured</defaultValue>
            <allowedValueList>
                <allowedValue>Unconfigured</allowedValue>
                <allowedValue>Failed</allowedValue>
                <allowedValue>Succeeded</allowedValue>
            </allowedValueList>
        </stateVariable>
        <stateVariable>
            <name>CredentialState</name>
            <sendEventsAttribute>no</sendEventsAttribute> 
            <dataType>string</dataType>
            <defaultValue>Unconfigured</defaultValue>
            <allowedValueList>
                <allowedValue>Unconfigured</allowedValue>
                <allowedValue>Pending</allowedValue>
                <allowedValue>Accepted</allowedValue>
                <allowedValue>Denied</allowedValue>
            </allowedValueList>
        </stateVariable>
        <stateVariable>
            <name>Description</name>
            <sendEventsAttribute>no</sendEventsAttribute> 
            <dataType>string</dataType>
        </stateVariable>
        <stateVariable>
            <name>MACAddress</name>
            <sendEventsAttribute>no</sendEventsAttribute> 
            <dataType>string</dataType>
        </stateVariable>
        <stateVariable>
            <name>CredentialDuration</name>
            <sendEventsAttribute>no</sendEventsAttribute> 
            <dataType>ui4</dataType>
            <defaultValue>0</defaultValue>
        </stateVariable>
        <stateVariable>
            <name>LastChange</name>
            <sendEventsAttribute>yes</sendEventsAttribute> 
            <dataType>string</dataType>
        </stateVariable>
        <stateVariable>
            <name>LinkedIdentifier</name>
            <sendEventsAttribute>no</sendEventsAttribute> 
            <dataType>string</dataType>
        </stateVariable>
        <stateVariable>
            <name>LastError</name>
            <sendEventsAttribute>yes</sendEventsAttribute> 
            <dataType>string</dataType>
        </stateVariable>
    </serviceStateTable>
    <actionList>
        <action>
            <name>GetGenericEntry</name>
            <argumentList>
                <argument>
                    <name>NewIndex</name>
                    <direction>in</direction>
                    <relatedStateVariable>NumberOfEntries</relatedStateVariable>
                </argument>
                <argument>
                    <name>NewIdentifier</name>
                    <direction>out</direction>
                    <relatedStateVariable>Identifier</relatedStateVariable>
                </argument>
                <argument>
                    <name>NewSecret</name>
                    <direction>out</direction>
                    <relatedStateVariable>Secret</relatedStateVariable>
                </argument>
                <argument>
                    <name>NewSecretType</name>
                    <direction>out</direction>
                    <relatedStateVariable>SecretType</relatedStateVariable>
                </argument>
                <argument>
                    <name>NewAuthType</name>
                    <direction>out</direction>
                    <relatedStateVariable>AuthType</relatedStateVariable>
                </argument>
                <argument>
                    <name>NewAuthState</name>
                    <direction>out</direction>
                    <relatedStateVariable>AuthState</relatedStateVariable>
                </argument>
                <argument>
                    <name>NewCredentialState</name>
                    <direction>out</direction>
                    <relatedStateVariable>CredentialState</relatedStateVariable>
                </argument>
                <argument>
                    <name>NewDescription</name>
                    <direction>out</direction>
                    <relatedStateVariable>Description</relatedStateVariable>
                </argument>
                <argument>
                    <name>NewMACAddress</name>
                    <direction>out</direction>
                    <relatedStateVariable>MACAddress</relatedStateVariable>
                </argument>
                <argument>
                    <name>NewCredentialDuration</name>
                    <direction>out</direction>
                    <relatedStateVariable>CredentialDuration</relatedStateVariable>
                </argument>
                <argument>
                    <name>NewLinkedIdentifier</name>
                    <direction>out</direction>
                    <relatedStateVariable>LinkedIdentifier</relatedStateVariable>
                </argument>
            </argumentList>
        </action>
        <action>
            <name>GetSpecificEntry</name>
            <argumentList>
                <argument>
                    <name>NewIdentifierKey</name>
                    <direction>in</direction>
                    <relatedStateVariable>Identifier</relatedStateVariable>
                </argument>
                <argument>
                    <name>NewIdentifier</name>
                    <direction>out</direction>
                    <relatedStateVariable>Identifier</relatedStateVariable>
                </argument>
                <argument>
                    <name>NewSecret</name>
                    <direction>out</direction>
                    <relatedStateVariable>Secret</relatedStateVariable>
                </argument>
                <argument>
                    <name>NewSecretType</name>
                    <direction>out</direction>
                    <relatedStateVariable>SecretType</relatedStateVariable>
                </argument>
                <argument>
                    <name>NewAuthType</name>
                    <direction>out</direction>
                    <relatedStateVariable>AuthType</relatedStateVariable>
                </argument>
                <argument>
                    <name>NewAuthState</name>
                    <direction>out</direction>
                    <relatedStateVariable>AuthState</relatedStateVariable>
                </argument>
                <argument>
                    <name>NewCredentialState</name>
                    <direction>out</direction>
                    <relatedStateVariable>CredentialState</relatedStateVariable>
                </argument>
                <argument>
                    <name>NewDescription</name>
                    <direction>out</direction>
                    <relatedStateVariable>Description</relatedStateVariable>
                </argument>
                <argument>
                    <name>NewMACAddress</name>
                    <direction>out</direction>
                    <relatedStateVariable>MACAddress</relatedStateVariable>
                </argument>
                <argument>
                    <name>NewCredentialDuration</name>
                    <direction>out</direction>
                    <relatedStateVariable>CredentialDuration</relatedStateVariable>
                </argument>
                <argument>
                    <name>NewLinkedIdentifier</name>
                    <direction>out</direction>
                    <relatedStateVariable>LinkedIdentifier</relatedStateVariable>
                </argument>
            </argumentList>
        </action>
        <action>
            <name>AddEntry</name>
            <argumentList>
                <argument>
                    <name>NewIdentifier</name>
                    <direction>in</direction>
                    <relatedStateVariable>Identifier</relatedStateVariable>
                </argument>
                <argument>
                    <name>NewSecret</name>
                    <direction>in</direction>
                    <relatedStateVariable>Secret</relatedStateVariable>
                </argument>
                <argument>
                    <name>NewSecretType</name>
                    <direction>in</direction>
                    <relatedStateVariable>SecretType</relatedStateVariable>
                </argument>
                <argument>
                    <name>NewAuthType</name>
                    <direction>in</direction>
                    <relatedStateVariable>AuthType</relatedStateVariable>
                </argument>
                <argument>
                    <name>NewAuthState</name>
                    <direction>in</direction>
                    <relatedStateVariable>AuthState</relatedStateVariable>
                </argument>
                <argument>
                    <name>NewCredentialState</name>
                    <direction>in</direction>
                    <relatedStateVariable>CredentialState</relatedStateVariable>
                </argument>
                <argument>
                    <name>NewDescription</name>
                    <direction>in</direction>
                    <relatedStateVariable>Description</relatedStateVariable>
                </argument>
                <argument>
                    <name>NewMACAddress</name>
                    <direction>in</direction>
                    <relatedStateVariable>MACAddress</relatedStateVariable>
                </argument>
                <argument>
                    <name>NewCredentialDuration</name>
                    <direction>in</direction>
                    <relatedStateVariable>CredentialDuration</relatedStateVariable>
                </argument>
                <argument>
                    <name>NewLinkedIdentifier</name>
                    <direction>in</direction>
                    <relatedStateVariable>LinkedIdentifier</relatedStateVariable>
                </argument>
                <argument>
                    <name>NewNumberOfEntries</name>
                    <direction>out</direction>
                    <relatedStateVariable>NumberOfEntries</relatedStateVariable>
                </argument>
            </argumentList>
        </action>
        <action>
            <name>UpdateEntry</name>
            <argumentList>
                <argument>
                    <name>NewIdentifier</name>
                    <direction>in</direction>
                    <relatedStateVariable>Identifier</relatedStateVariable>
                </argument>
                <argument>
                    <name>NewSecret</name>
                    <direction>in</direction>
                    <relatedStateVariable>Secret</relatedStateVariable>
                </argument>
                <argument>
                    <name>NewSecretType</name>
                    <direction>in</direction>
                    <relatedStateVariable>SecretType</relatedStateVariable>
                </argument>
                <argument>
                    <name>NewAuthType</name>
                    <direction>in</direction>
                    <relatedStateVariable>AuthType</relatedStateVariable>
                </argument>
                <argument>
                    <name>NewAuthState</name>
                    <direction>in</direction>
                    <relatedStateVariable>AuthState</relatedStateVariable>
                </argument>
                <argument>
                    <name>NewCredentialState</name>
                    <direction>in</direction>
                    <relatedStateVariable>CredentialState</relatedStateVariable>
                </argument>
                <argument>
                    <name>NewDescription</name>
                    <direction>in</direction>
                    <relatedStateVariable>Description</relatedStateVariable>
                </argument>
                <argument>
                    <name>NewMACAddress</name>
                    <direction>in</direction>
                    <relatedStateVariable>MACAddress</relatedStateVariable>
                </argument>
                <argument>
                    <name>NewCredentialDuration</name>
                    <direction>in</direction>
                    <relatedStateVariable>CredentialDuration</relatedStateVariable>
                </argument>
                <argument>
                    <name>NewLinkedIdentifier</name>
                    <direction>in</direction>
                    <relatedStateVariable>LinkedIdentifier</relatedStateVariable>
                </argument>
                <argument>
                    <name>NewNumberOfEntries</name>
                    <direction>out</direction>
                    <relatedStateVariable>NumberOfEntries</relatedStateVariable>
                </argument>
            </argumentList>
        </action>
        <action>
            <name>DeleteEntry</name>
            <argumentList>
                <argument>
                    <name>NewIdentifier</name>
                    <direction>in</direction>
                    <relatedStateVariable>Identifier</relatedStateVariable>
                </argument>
                <argument>
                    <name>NewNumberOfEntries</name>
                    <direction>out</direction>
                    <relatedStateVariable>NumberOfEntries</relatedStateVariable>
                </argument>
            </argumentList>
        </action>
        <action>
            <name>GetNumberOfEntries</name>
            <argumentList>
                <argument>
                    <name>NewNumberOfEntries</name>
                    <direction>out</direction>
                    <relatedStateVariable>NumberOfEntries</relatedStateVariable>
                </argument>
            </argumentList>
        </action>
        <action>
            <name>FactoryDefaultReset</name>
        </action>
        <action>
            <name>ResetAuthentication</name>
        </action>
    </actionList>

</scpd>
