<scpd>
    <serviceStateTable>
        <stateVariable>
            <name>NumberOfAuthenticationServerEntries</name>
            <sendEventsAttribute>yes</sendEventsAttribute> 
            <dataType>ui2</dataType>
        </stateVariable>
        <stateVariable>
            <name>AuthenticationServerIPAddress</name>
            <sendEventsAttribute>no</sendEventsAttribute> 
            <dataType>string</dataType>
        </stateVariable>
        <stateVariable>
            <name>AuthenticationServerPortNumber</name>
            <sendEventsAttribute>no</sendEventsAttribute> 
            <dataType>ui2</dataType>
        </stateVariable>
        <stateVariable>
            <name>AuthenticationServerSharedSecret</name>
            <sendEventsAttribute>no</sendEventsAttribute> 
            <dataType>string</dataType>
        </stateVariable>
    </serviceStateTable>
    <actionList>
        <action>
            <name>GetGenericAuthenticationServerEntry</name>
            <argumentList>
                <argument>
                    <name>NewAuthenticationServerIndex</name>
                    <direction>in</direction>
  <relatedStateVariable>NumberOfAuthenticationServerEntries</relatedStateVariable>
                </argument>
                <argument>
                    <name>NewAuthenticationServerIPAddress</name>
                    <direction>out</direction>
  <relatedStateVariable>AuthenticationServerIPAddress</relatedStateVariable>
                </argument>
                <argument>
                    <name>NewAuthenticationServerPortNumber</name>
                    <direction>out</direction>
  <relatedStateVariable>AuthenticationServerPortNumber</relatedStateVariable>
                </argument>
                <argument>
                    <name>NewAuthenticationServerSharedSecret</name>
                    <direction>out</direction>
  <relatedStateVariable>AuthenticationServerSharedSecret</relatedStateVariable>
                </argument>
            </argumentList>
        </action>
        <action>
            <name>GetSpecificAuthenticationServerEntry</name>
            <argumentList>
                <argument>
                    <name>NewAuthenticationServerIPAddress</name>
                    <direction>in</direction>
  <relatedStateVariable>AuthenticationServerIPAddress</relatedStateVariable>
                </argument>
                <argument>
                    <name>NewAuthenticationServerPortNumber</name>
                    <direction>in</direction>
  <relatedStateVariable>AuthenticationServerPortNumber</relatedStateVariable>
                </argument>
                <argument>
                    <name>NewAuthenticationServerSharedSecret</name>
                    <direction>out</direction>
  <relatedStateVariable>AuthenticationServerSharedSecret</relatedStateVariable>
                </argument>
            </argumentList>
        </action>
        <action>
            <name>AddAuthenticationServerEntry</name>
            <argumentList>
                <argument>
                    <name>NewAuthenticationServerIPAddress</name>
                    <direction>in</direction>
  <relatedStateVariable>AuthenticationServerIPAddress</relatedStateVariable>
                </argument>
                <argument>
                    <name>NewAuthenticationServerPortNumber</name>
                    <direction>in</direction>
  <relatedStateVariable>AuthenticationServerPortNumber</relatedStateVariable>
                </argument>
                <argument>
                    <name>NewAuthenticationServerSharedSecret</name>
                    <direction>in</direction>
  <relatedStateVariable>AuthenticationServerSharedSecret</relatedStateVariable>
                </argument>
            </argumentList>
        </action>
        <action>
            <name>DeleteAuthenticationServerEntry</name>
            <argumentList>
                <argument>
                    <name>NewAuthenticationServerIPAddress</name>
                    <direction>in</direction>
  <relatedStateVariable>AuthenticationServerIPAddress</relatedStateVariable>
                </argument>
                <argument>
                    <name>NewAuthenticationServerPortNumber</name>
                    <direction>in</direction>
  <relatedStateVariable>AuthenticationServerPortNumber</relatedStateVariable>
                </argument>
            </argumentList>
        </action>
        <action>
            <name>FactoryDefaultReset</name>
        </action>
        <action>
            <name>ResetAuthentication</name>
        </action>
    </actionList>

</scpd>
