<scpd>
    <serviceStateTable>
        <stateVariable>
            <name>InsecureOutOfBandAccessEnabled</name>
            <sendEventsAttribute>no</sendEventsAttribute> 
            <dataType>boolean</dataType>
        </stateVariable>
        <stateVariable>
            <name>SSID</name>
            <sendEventsAttribute>no</sendEventsAttribute> 
            <dataType>string</dataType>
        </stateVariable>
        <stateVariable>
            <name>BSSID</name>
            <sendEventsAttribute>no</sendEventsAttribute> 
            <dataType>string</dataType>
        </stateVariable>
        <stateVariable>
            <name>BeaconType</name>
            <sendEventsAttribute>no</sendEventsAttribute> 
            <dataType>string</dataType>
            <allowedValueList>
                <allowedValue>None</allowedValue>
                <allowedValue>Basic</allowedValue>
                <allowedValue>WPA</allowedValue>
                <allowedValue>11i</allowedValue>
                <allowedValue>BasicandWPA</allowedValue>
                <allowedValue>Basicand11i</allowedValue>
                <allowedValue>WPAand11i</allowedValue>
                <allowedValue>BasicandWPAand11i</allowedValue>
            </allowedValueList>
        </stateVariable>
        <stateVariable>
            <name>BeaconAdvertisementEnabled</name>
            <sendEventsAttribute>no</sendEventsAttribute> 
            <dataType>boolean</dataType>
        </stateVariable>
      <stateVariable>
            <name>RadioEnabled</name>
            <sendEventsAttribute>no</sendEventsAttribute> 
            <dataType>boolean</dataType>
        </stateVariable>
        <stateVariable>
            <name>LocationDescription</name>
            <sendEventsAttribute>no</sendEventsAttribute> 
            <dataType>string</dataType>
        </stateVariable>
        <stateVariable>
            <name>RegulatoryDomain</name>
            <sendEventsAttribute>no</sendEventsAttribute> 
            <dataType>string</dataType>
        </stateVariable>
        <stateVariable>
            <name>TotalPSKFailures</name>
            <sendEventsAttribute>no</sendEventsAttribute> 
            <dataType>ui4</dataType>
        </stateVariable>
        <stateVariable>
            <name>TotalIntegrityFailures</name>
            <sendEventsAttribute>no</sendEventsAttribute> 
            <dataType>ui4</dataType>
        </stateVariable>
        <stateVariable>
            <name>Channel</name>
            <sendEventsAttribute>no</sendEventsAttribute> 
            <dataType>ui1</dataType>
        </stateVariable>
        <stateVariable>
            <name>PossibleChannels</name>
            <sendEventsAttribute>no</sendEventsAttribute> 
            <dataType>string</dataType>
        </stateVariable>
        <stateVariable>
            <name>ChannelsInUse</name>
            <sendEventsAttribute>no</sendEventsAttribute> 
            <dataType>string</dataType>
        </stateVariable>
        <stateVariable>
            <name>DeviceOperationMode</name>
            <sendEventsAttribute>no</sendEventsAttribute> 
            <dataType>string</dataType>
            <allowedValueList>
                <allowedValue>InfrastructureAccessPoint</allowedValue>
                <allowedValue>WirelessBridgePointToPoint</allowedValue>
                <allowedValue>WirelessBridgePointToMultipoint</allowedValue>
                <allowedValue>WirelessRepeater</allowedValue>
                <allowedValue>WirelessSTA</allowedValue>
            </allowedValueList>
        </stateVariable>
        <stateVariable>
            <name>DistanceFromRoot</name>
            <sendEventsAttribute>no</sendEventsAttribute> 
            <dataType>ui1</dataType>
        </stateVariable>
        <stateVariable>
            <name>PeerBSSID</name>
            <sendEventsAttribute>no</sendEventsAttribute> 
            <dataType>string</dataType>
        </stateVariable>
        <stateVariable>
            <name>BasicDataTransmissionRates</name>
            <sendEventsAttribute>no</sendEventsAttribute> 
            <dataType>string</dataType>
        </stateVariable>
        <stateVariable>
            <name>OperationalDataTransmissionRates</name>
            <sendEventsAttribute>no</sendEventsAttribute> 
            <dataType>string</dataType>
        </stateVariable>
        <stateVariable>
            <name>PossibleDataTransmissionRates</name>
            <sendEventsAttribute>no</sendEventsAttribute> 
            <dataType>string</dataType>
        </stateVariable>
        <stateVariable>
            <name>AutoRateFallBackEnabled</name>
            <sendEventsAttribute>no</sendEventsAttribute> 
            <dataType>boolean</dataType>
        </stateVariable>
        <stateVariable>
            <name>TotalBytesSent</name>
            <sendEventsAttribute>no</sendEventsAttribute> 
            <dataType>ui4</dataType>
        </stateVariable>
        <stateVariable>
            <name>TotalBytesReceived</name>
            <sendEventsAttribute>no</sendEventsAttribute> 
            <dataType>ui4</dataType>
        </stateVariable>
        <stateVariable>
            <name>TotalPacketsSent</name>
            <sendEventsAttribute>no</sendEventsAttribute> 
            <dataType>ui4</dataType>
        </stateVariable>
        <stateVariable>
            <name>TotalPacketsReceived</name>
            <sendEventsAttribute>no</sendEventsAttribute> 
            <dataType>ui4</dataType>
        </stateVariable>
        <stateVariable>
            <name>TotalAssociations</name>
            <sendEventsAttribute>yes</sendEventsAttribute> 
            <dataType>ui2</dataType>
        </stateVariable>
        <stateVariable>
            <name>AssociatedDeviceMACAddress</name>
            <sendEventsAttribute>no</sendEventsAttribute> 
            <dataType>string</dataType>
        </stateVariable>
        <stateVariable>
            <name>AssociatedDeviceIPAddress</name>
            <sendEventsAttribute>no</sendEventsAttribute> 
            <dataType>string</dataType>
        </stateVariable>
        <stateVariable>
            <name>AssociatedDeviceAuthenticationState</name>
            <sendEventsAttribute>no</sendEventsAttribute> 
            <dataType>boolean</dataType>
        </stateVariable>
        <stateVariable>
            <name>AuthenticationServiceMode</name>
            <sendEventsAttribute>no</sendEventsAttribute> 
            <dataType>string</dataType>
            <allowedValueList>
                <allowedValue>None</allowedValue>
                <allowedValue>LinkAuthentication</allowedValue>
                <allowedValue>RadiusClient</allowedValue>
            </allowedValueList>
        </stateVariable>
        <stateVariable>
            <name>WEPKeyIndex</name>
            <sendEventsAttribute>no</sendEventsAttribute> 
            <dataType>ui1</dataType>
        </stateVariable>
        <stateVariable>
            <name>WEPKey</name>
            <sendEventsAttribute>no</sendEventsAttribute> 
            <dataType>string</dataType>
        </stateVariable>
        <stateVariable>
            <name>KeyPassphrase</name>
            <sendEventsAttribute>no</sendEventsAttribute> 
            <dataType>string</dataType>
        </stateVariable>
        <stateVariable>
            <name>WEPEncryptionLevel</name>
            <sendEventsAttribute>no</sendEventsAttribute> 
            <dataType>string</dataType>
            <allowedValueList>
                <allowedValue>Disabled</allowedValue>
                <allowedValue>40-bit</allowedValue>
                <allowedValue>104-bit</allowedValue>
            </allowedValueList>
        </stateVariable>
        <stateVariable>
            <name>PreSharedKey</name>
            <sendEventsAttribute>no</sendEventsAttribute> 
            <dataType>string</dataType>
        </stateVariable>
        <stateVariable>
            <name>PreSharedKeyIndex</name>
            <sendEventsAttribute>no</sendEventsAttribute> 
            <dataType>ui1</dataType>
        </stateVariable>
        <stateVariable>
            <name>BasicEncryptionModes</name>
            <sendEventsAttribute>no</sendEventsAttribute> 
            <dataType>string</dataType>
            <allowedValueList>
                <allowedValue>None</allowedValue>
                <allowedValue>WEPEncryption</allowedValue>
            </allowedValueList>
        </stateVariable>
        <stateVariable>
            <name>BasicAuthenticationMode</name>
            <sendEventsAttribute>no</sendEventsAttribute> 
            <dataType>string</dataType>
            <allowedValueList>
                <allowedValue>None</allowedValue>
                <allowedValue>EAPAuthentication</allowedValue>
            </allowedValueList>
        </stateVariable>
        <stateVariable>
            <name>WPAEncryptionModes</name>
            <sendEventsAttribute>no</sendEventsAttribute> 
            <dataType>string</dataType>
            <allowedValueList>
                <allowedValue>WEPEncryption</allowedValue>
                <allowedValue>TKIPEncryption</allowedValue>
                <allowedValue>WEPandTKIPEncryption</allowedValue>
                <allowedValue>AESEncryption</allowedValue>
                <allowedValue>WEPandAESEncryption</allowedValue>
                <allowedValue>TKIPandAESEncryption</allowedValue>
                <allowedValue>WEPandTKIPandAESEncryption</allowedValue>
            </allowedValueList>
        </stateVariable>
        <stateVariable>
            <name>WPAAuthenticationMode</name>
            <sendEventsAttribute>no</sendEventsAttribute> 
            <dataType>string</dataType>
            <allowedValueList>
                <allowedValue>PSKAuthentication</allowedValue>
                <allowedValue>EAPAuthentication</allowedValue>
            </allowedValueList>
        </stateVariable>
        <stateVariable>
            <name>IEEE11iEncryptionModes</name>
            <sendEventsAttribute>no</sendEventsAttribute> 
            <dataType>string</dataType>
            <allowedValueList>
                <allowedValue>WEPEncryption</allowedValue>
                <allowedValue>TKIPEncryption</allowedValue>
                <allowedValue>WEPandTKIPEncryption</allowedValue>
                <allowedValue>AESEncryption</allowedValue>
                <allowedValue>WEPandAESEncryption</allowedValue>
                <allowedValue>TKIPandAESEncryption</allowedValue>
                <allowedValue>WEPandTKIPandAESEncryption</allowedValue>
            </allowedValueList>
        </stateVariable>
        <stateVariable>
            <name>IEEE11iAuthenticationMode</name>
            <sendEventsAttribute>no</sendEventsAttribute> 
            <dataType>string</dataType>
            <allowedValueList>
                <allowedValue>TKIPAuthentication</allowedValue>
                <allowedValue>EAPAuthentication</allowedValue>
                <allowedValue>EAPandTKIPAuthentication</allowedValue>
            </allowedValueList>
        </stateVariable>
    </serviceStateTable>
    <actionList>
        <action>
		<Optional/>
            <name>SetInsecureOutOfBandAccessMode</name>
            <argumentList>
                <argument>
                    <name>NewInsecureOutOfBandAccessEnabled</name>
                    <direction>in</direction>
                  <relatedStateVariable>InsecureOutOfBandAccessEnabled</relatedStateVariable>
                </argument>
            </argumentList>
        </action>
        <action>
		<Optional/>
            <name>GetInsecureOutOfBandAccessMode</name>
            <argumentList>
                <argument>
                    <name>NewInsecureOutOfBandAccessEnabled</name>
                    <direction>out</direction>
                  <relatedStateVariable>InsecureOutOfBandAccessEnabled</relatedStateVariable>
                </argument>
            </argumentList>
        </action>
        <action>
            <name>SetSSID</name>
            <argumentList>
                <argument>
                    <name>NewSSID</name>
                    <direction>in</direction>
                    <relatedStateVariable>SSID</relatedStateVariable>
                </argument>
            </argumentList>
        </action>
        <action>
            <name>GetSSID</name>
            <argumentList>
                <argument>
                    <name>NewSSID</name>
                    <direction>out</direction>
                    <relatedStateVariable>SSID</relatedStateVariable>
                </argument>
            </argumentList>
        </action>
        <action>
            <name>GetBSSID</name>
            <argumentList>
                <argument>
                    <name>NewBSSID</name>
                    <direction>out</direction>
                    <relatedStateVariable>BSSID</relatedStateVariable>
                </argument>
            </argumentList>
        </action>
        <action>
            <name>SetBeaconType</name>
            <argumentList>
                <argument>
                    <name>NewBeaconType</name>
                    <direction>in</direction>
                    <relatedStateVariable>BeaconType</relatedStateVariable>
                </argument>
            </argumentList>
        </action>
        <action>
            <name>GetBeaconType</name>
            <argumentList>
                <argument>
                    <name>NewBeaconType</name>
                    <direction>out</direction>
                    <relatedStateVariable>BeaconType</relatedStateVariable>
                </argument>
            </argumentList>
        </action>
        <action>
            <name>SetBeaconAdvertisement</name>
            <argumentList>
                <argument>
                    <name>NewBeaconAdvertisementEnabled</name>
                    <direction>in</direction>
              <relatedStateVariable>BeaconAdvertisementEnabled</relatedStateVariable>
                </argument>
            </argumentList>
        </action>
        <action>
            <name>GetBeaconAdvertisement</name>
            <argumentList>
                <argument>
                    <name>NewBeaconAdvertisementEnabled</name>
                    <direction>out</direction>
              <relatedStateVariable>BeaconAdvertisementEnabled</relatedStateVariable>
                </argument>
            </argumentList>
        </action>
        <action>
            <name>SetRadioMode</name>
            <argumentList>
                <argument>
                    <name>NewRadioEnabled</name>
                    <direction>in</direction>
                    <relatedStateVariable>RadioEnabled</relatedStateVariable>
                </argument>
            </argumentList>
        </action>
        <action>
            <name>GetRadioMode</name>
            <argumentList>
                <argument>
                    <name>NewRadioEnabled</name>
                    <direction>out</direction>
                    <relatedStateVariable>RadioEnabled</relatedStateVariable>
                </argument>
            </argumentList>
        </action>
        <action>
            <name>SetLocationDescription</name>
            <argumentList>
                <argument>
                    <name>NewLocationDescription</name>
                    <direction>in</direction>
                  <relatedStateVariable>LocationDescription</relatedStateVariable>
                </argument>
            </argumentList>
        </action>
        <action>
            <name>GetLocationDescription</name>
            <argumentList>
                <argument>
                    <name>NewLocationDescription</name>
                    <direction>out</direction>
                  <relatedStateVariable>LocationDescription</relatedStateVariable>
                </argument>
            </argumentList>
        </action>
        <action>
		<Optional/>
            <name>SetRegulatoryDomain</name>
            <argumentList>
                <argument>
                    <name>NewRegulatoryDomain</name>
                    <direction>in</direction>
                  <relatedStateVariable>RegulatoryDomain</relatedStateVariable>
                </argument>
            </argumentList>
        </action>
        <action>
		<Optional/>
            <name>GetRegulatoryDomain</name>
            <argumentList>
                <argument>
                    <name>NewRegulatoryDomain</name>
                    <direction>out</direction>
                  <relatedStateVariable>RegulatoryDomain</relatedStateVariable>
                </argument>
            </argumentList>
        </action>
        <action>
            <name>GetFailureStatusInfo</name>
            <argumentList>
                <argument>
                    <name>NewTotalIntegrityFailures</name>
                    <direction>out</direction>
               <relatedStateVariable>TotalIntegrityFailures</relatedStateVariable>
                </argument>
                <argument>
                    <name>NewTotalPSKFailures</name>
                    <direction>out</direction>
                    <relatedStateVariable>TotalPSKFailures</relatedStateVariable>
                </argument>
            </argumentList>
        </action>
        <action>
            <name>SetChannel</name>
            <argumentList>
                <argument>
                    <name>NewChannel</name>
                    <direction>in</direction>
                    <relatedStateVariable>Channel</relatedStateVariable>
                </argument>
            </argumentList>
        </action>
        <action>
            <name>GetChannelInfo</name>
            <argumentList>
                <argument>
                    <name>NewChannel</name>
                    <direction>out</direction>
                    <relatedStateVariable>Channel</relatedStateVariable>
                </argument>
                <argument>
                    <name>NewPossibleChannels</name>
                    <direction>out</direction>
                 <relatedStateVariable>PossibleChannels</relatedStateVariable>
                </argument>
            </argumentList>
        </action>
        <action>
		<Optional/>
            <name>GetChannelsInUse</name>
            <argumentList>
                <argument>
                    <name>NewChannelsInUse</name>
                    <direction>out</direction>
                    <relatedStateVariable>ChannelsInUse</relatedStateVariable>
                </argument>
            </argumentList>
        </action>
        <action>
		<Optional/>
            <name>SetDeviceOperationMode</name>
            <argumentList>
                <argument>
                    <name>NewDeviceOperationMode</name>
                    <direction>in</direction>
                  <relatedStateVariable>DeviceOperationMode</relatedStateVariable>
                </argument>
                <argument>
                    <name>NewSSID</name>
                    <direction>in</direction>
                  <relatedStateVariable>SSID</relatedStateVariable>
                </argument>
                <argument>
                    <name>NewBSSID</name>
                    <direction>in</direction>
                  <relatedStateVariable>PeerBSSID</relatedStateVariable>
                </argument>
                <argument>
                    <name>NewChannel</name>
                    <direction>in</direction>
                  <relatedStateVariable>Channel</relatedStateVariable>
                </argument>
                <argument>
                    <name>NewBasicDataTransmissionRates</name>
                    <direction>in</direction>
                  <relatedStateVariable>BasicDataTransmissionRates</relatedStateVariable>
                </argument>
                <argument>
                    <name>NewOperationalDataTransmissionRates</name>
                    <direction>in</direction>
             <relatedStateVariable>OperationalDataTransmissionRates</relatedStateVariable>
                </argument>
                <argument>
                    <name>NewDistanceFromRoot</name>
                    <direction>in</direction>
                  <relatedStateVariable>DistanceFromRoot</relatedStateVariable>
                </argument>
            </argumentList>
        </action>
        <action>
		<Optional/>
            <name>GetDeviceOperationMode</name>
            <argumentList>
                <argument>
                    <name>NewDeviceOperationMode</name>
                    <direction>out</direction>
                  <relatedStateVariable>DeviceOperationMode</relatedStateVariable>
                </argument>
                <argument>
                    <name>NewSSID</name>
                    <direction>out</direction>
                  <relatedStateVariable>SSID</relatedStateVariable>
                </argument>
                <argument>
                    <name>NewBSSID</name>
                    <direction>out</direction>
                  <relatedStateVariable>PeerBSSID</relatedStateVariable>
                </argument>
                <argument>
                    <name>NewChannel</name>
                    <direction>out</direction>
                  <relatedStateVariable>Channel</relatedStateVariable>
                </argument>
                <argument>
                    <name>NewBasicDataTransmissionRates</name>
                    <direction>out</direction>
                  <relatedStateVariable>BasicDataTransmissionRates</relatedStateVariable>
                </argument>
                <argument>
                    <name>NewOperationalDataTransmissionRates</name>
                    <direction>out</direction>
             <relatedStateVariable>OperationalDataTransmissionRates</relatedStateVariable>
                </argument>
                <argument>
                    <name>NewDistanceFromRoot</name>
                    <direction>out</direction>
                  <relatedStateVariable>DistanceFromRoot</relatedStateVariable>
                </argument>
            </argumentList>
        </action>
        <action>
            <name>SetDataTransmissionRates</name>
            <argumentList>
                <argument>
                    <name>NewBasicDataTransmissionRates</name>
                    <direction>in</direction>
                <relatedStateVariable>BasicDataTransmissionRates</relatedStateVariable>
                </argument>
                <argument>
                    <name>NewOperationalDataTransmissionRates</name>
                    <direction>in</direction>
             <relatedStateVariable>OperationalDataTransmissionRates</relatedStateVariable>
                </argument>
            </argumentList>
        </action>
        <action>
            <name>GetDataTransmissionRateInfo</name>
            <argumentList>
                <argument>
                    <name>NewBasicDataTransmissionRates</name>
                    <direction>out</direction>
                <relatedStateVariable>BasicDataTransmissionRates</relatedStateVariable>
                </argument>
                <argument>
                    <name>NewOperationalDataTransmissionRates</name>
                    <direction>out</direction>
             <relatedStateVariable>OperationalDataTransmissionRates</relatedStateVariable>
                </argument>
                <argument>
                    <name>NewPossibleDataTransmissionRates</name>
                    <direction>out</direction>
        <relatedStateVariable>PossibleDataTransmissionRates</relatedStateVariable>
                </argument>
            </argumentList>
        </action>
        <action>
            <name>SetAutoRateFallBackMode</name>
            <argumentList>
                <argument>
                    <name>NewAutoRateFallBackEnabled</name>
                    <direction>in</direction>
              <relatedStateVariable>AutoRateFallBackEnabled</relatedStateVariable>
                </argument>
            </argumentList>
        </action>
        <action>
            <name>GetAutoRateFallBackMode</name>
            <argumentList>
                <argument>
                    <name>NewAutoRateFallBackEnabled</name>
                    <direction>out</direction>
              <relatedStateVariable>AutoRateFallBackEnabled</relatedStateVariable>
                </argument>
            </argumentList>
        </action>
        <action>
		<Optional/>
            <name>GetByteStatistics</name>
            <argumentList>
                <argument>
                    <name>NewTotalBytesSent</name>
                    <direction>out</direction>
                    <relatedStateVariable>TotalBytesSent</relatedStateVariable>
                </argument>
                <argument>
                    <name>NewTotalBytesReceived</name>
                    <direction>out</direction>
                 <relatedStateVariable>TotalBytesReceived</relatedStateVariable>
                </argument>
            </argumentList>
        </action>
        <action>
            <name>GetPacketStatistics</name>
            <argumentList>
                <argument>
                    <name>NewTotalPacketsSent</name>
                    <direction>out</direction>
                    <relatedStateVariable>TotalPacketsSent</relatedStateVariable>
                </argument>
                <argument>
                    <name>NewTotalPacketsReceived</name>
                    <direction>out</direction>
                 <relatedStateVariable>TotalPacketsReceived</relatedStateVariable>
                </argument>
            </argumentList>
        </action>
        <action>
            <name>GetTotalAssociations</name>
            <argumentList>
                <argument>
                    <name>NewTotalAssociations</name>
                    <direction>out</direction>
                <relatedStateVariable>TotalAssociations</relatedStateVariable>
                </argument>
            </argumentList>
        </action>
        <action>
            <name>GetGenericAssociatedDeviceInfo</name>
            <argumentList>
                <argument>
                    <name>NewAssociatedDeviceIndex</name>
                    <direction>in</direction>
                <relatedStateVariable>TotalAssociations</relatedStateVariable>
                </argument>
                <argument>
                    <name>NewAssociatedDeviceMACAddress</name>
                    <direction>out</direction>
           <relatedStateVariable>AssociatedDeviceMACAddress</relatedStateVariable>
                </argument>
                <argument>
                    <name>NewAssociatedDeviceIPAddress</name>
                    <direction>out</direction>
            <relatedStateVariable>AssociatedDeviceIPAddress</relatedStateVariable>
                </argument>
                <argument>
                    <name>NewAssociatedDeviceAuthenticationState</name>
                    <direction>out</direction>
  <relatedStateVariable>AssociatedDeviceAuthenticationState</relatedStateVariable>
                </argument>
            </argumentList>
        </action>
        <action>
            <name>GetSpecificAssociatedDeviceInfo</name>
            <argumentList>
                <argument>
                    <name>NewAssociatedDeviceMACAddress</name>
                    <direction>in</direction>
  <relatedStateVariable>AssociatedDeviceMACAddress</relatedStateVariable>
                </argument>
                <argument>
                    <name>NewAssociatedDeviceIPAddress</name>
                    <direction>out</direction>
  <relatedStateVariable>AssociatedDeviceIPAddress</relatedStateVariable>
                </argument>
                <argument>
                    <name>NewAssociatedDeviceAuthenticationState</name>
                    <direction>out</direction>
  <relatedStateVariable>AssociatedDeviceAuthenticationState</relatedStateVariable>
                </argument>
            </argumentList>
        </action>
        <action>
            <name>SetAuthenticationServiceMode</name>
            <argumentList>
                <argument>
                    <name>NewAuthenticationServiceMode</name>
                    <direction>in</direction>
           <relatedStateVariable>AuthenticationServiceMode</relatedStateVariable>
                </argument>
            </argumentList>
        </action>
        <action>
            <name>GetAuthenticationServiceMode</name>
            <argumentList>
                <argument>
                    <name>NewAuthenticationServiceMode</name>
                    <direction>out</direction>
           <relatedStateVariable>AuthenticationServiceMode</relatedStateVariable>
                </argument>
            </argumentList>
        </action>
         <action>
            <name>SetSecurityKeys</name>
            <argumentList>
                <argument>
                    <name>NewWEPKey0</name>
                    <direction>in</direction>
                    <relatedStateVariable>WEPKey</relatedStateVariable>
                </argument>
                <argument>
                    <name>NewWEPKey1</name>
                    <direction>in</direction>
                    <relatedStateVariable>WEPKey</relatedStateVariable>
                </argument>
                <argument>
                    <name>NewWEPKey2</name>
                    <direction>in</direction>
                    <relatedStateVariable>WEPKey</relatedStateVariable>
                </argument>
                <argument>
                    <name>NewWEPKey3</name>
                    <direction>in</direction>
                    <relatedStateVariable>WEPKey</relatedStateVariable>
                </argument>
                <argument>
                    <name>NewPreSharedKey</name>
                    <direction>in</direction>
                    <relatedStateVariable>PreSharedKey</relatedStateVariable>
                </argument>
                <argument>
                    <name>NewKeyPassphrase</name>
                    <direction>in</direction>
                    <relatedStateVariable>KeyPassphrase</relatedStateVariable>
                </argument>
            </argumentList>
        </action>
         <action>
            <name>GetSecurityKeys</name>
            <argumentList>
                <argument>
                    <name>NewWEPKey0</name>
                    <direction>out</direction>
                    <relatedStateVariable>WEPKey</relatedStateVariable>
                </argument>
                <argument>
                    <name>NewWEPKey1</name>
                    <direction>out</direction>
                    <relatedStateVariable>WEPKey</relatedStateVariable>
                </argument>
                <argument>
                    <name>NewWEPKey2</name>
                    <direction>out</direction>
                    <relatedStateVariable>WEPKey</relatedStateVariable>
                </argument>
                <argument>
                    <name>NewWEPKey3</name>
                    <direction>out</direction>
                    <relatedStateVariable>WEPKey</relatedStateVariable>
                </argument>
                <argument>
                    <name>NewPreSharedKey</name>
                    <direction>out</direction>
                    <relatedStateVariable>PreSharedKey</relatedStateVariable>
                </argument>
                <argument>
                    <name>NewKeyPassphrase</name>
                    <direction>out</direction>
                    <relatedStateVariable>KeyPassphrase</relatedStateVariable>
                </argument>
            </argumentList>
        </action>
        <action>
            <name>SetDefaultWEPKeyIndex</name>
            <argumentList>
                <argument>
                    <name>NewDefaultWEPKeyIndex</name>
                    <direction>in</direction>
                 <relatedStateVariable>WEPKeyIndex</relatedStateVariable>
                </argument>
            </argumentList>
        </action>
        <action>
            <name>GetDefaultWEPKeyIndex</name>
            <argumentList>
                <argument>
                    <name>NewDefaultWEPKeyIndex</name>
                    <direction>out</direction>
                 <relatedStateVariable>WEPKeyIndex</relatedStateVariable>
                </argument>
            </argumentList>
        </action>
        <action>
            <name>SetPreSharedKey</name>
            <argumentList>
                <argument>
                    <name>NewPreSharedKeyIndex</name>
                    <direction>in</direction>
                    <relatedStateVariable>PreSharedKeyIndex</relatedStateVariable>
                </argument>
                <argument>
                    <name>NewPreSharedKey</name>
                    <direction>in</direction>
                    <relatedStateVariable>PreSharedKey</relatedStateVariable>
                </argument>
                <argument>
                    <name>NewPSKPassphrase</name>
                    <direction>in</direction>
                    <relatedStateVariable>KeyPassphrase</relatedStateVariable>
                </argument>
            </argumentList>
        </action>
        <action>
            <name>GetPreSharedKey</name>
            <argumentList>
                <argument>
                    <name>NewPreSharedKeyIndex</name>
                    <direction>in</direction>
                    <relatedStateVariable>PreSharedKeyIndex</relatedStateVariable>
                </argument>
                <argument>
                    <name>NewPreSharedKey</name>
                    <direction>out</direction>
                    <relatedStateVariable>PreSharedKey</relatedStateVariable>
                </argument>
                <argument>
                    <name>NewPSKPassphrase</name>
                    <direction>out</direction>
                    <relatedStateVariable>KeyPassphrase</relatedStateVariable>
                </argument>
            </argumentList>
        </action>
        <action>
            <name>SetBasicBeaconSecurityProperties</name>
            <argumentList>
                <argument>
                    <name>NewBasicEncryptionModes</name>
                    <direction>in</direction>
                    <relatedStateVariable>BasicEncryptionModes</relatedStateVariable>
                </argument>
                <argument>
                    <name>NewBasicAuthenticationMode</name>
                    <direction>in</direction>
                    <relatedStateVariable>BasicAuthenticationMode</relatedStateVariable>
                </argument>
            </argumentList>
        </action>
        <action>
            <name>GetBasicBeaconSecurityProperties</name>
            <argumentList>
                <argument>
                    <name>NewBasicEncryptionModes</name>
                    <direction>out</direction>
                    <relatedStateVariable>BasicEncryptionModes</relatedStateVariable>
                </argument>
                <argument>
                    <name>NewBasicAuthenticationMode</name>
                    <direction>out</direction>
                    <relatedStateVariable>BasicAuthenticationMode</relatedStateVariable>
                </argument>
            </argumentList>
        </action>
        <action>
            <name>SetWPABeaconSecurityProperties</name>
            <argumentList>
                <argument>
                    <name>NewWPAEncryptionModes</name>
                    <direction>in</direction>
                    <relatedStateVariable>WPAEncryptionModes</relatedStateVariable>
                </argument>
                <argument>
                    <name>NewWPAAuthenticationMode</name>
                    <direction>in</direction>
                    <relatedStateVariable>WPAAuthenticationMode</relatedStateVariable>
                </argument>
            </argumentList>
        </action>
        <action>
            <name>GetWPABeaconSecurityProperties</name>
            <argumentList>
                <argument>
                    <name>NewWPAEncryptionModes</name>
                    <direction>out</direction>
                    <relatedStateVariable>WPAEncryptionModes</relatedStateVariable>
                </argument>
                <argument>
                    <name>NewWPAAuthenticationMode</name>
                    <direction>out</direction>
                    <relatedStateVariable>WPAAuthenticationMode</relatedStateVariable>
                </argument>
            </argumentList>
        </action>
        <action>
		<Optional/>
            <name>Set11iBeaconSecurityProperties</name>
            <argumentList>
                <argument>
                    <name>NewIEEE11iEncryptionModes</name>
                    <direction>in</direction>
                    <relatedStateVariable>IEEE11iEncryptionModes</relatedStateVariable>
                </argument>
                <argument>
                    <name>NewIEEE11iAuthenticationMode</name>
                    <direction>in</direction>
                    <relatedStateVariable>IEEE11iAuthenticationMode</relatedStateVariable>
                </argument>
            </argumentList>
        </action>
        <action>
		<Optional/>
            <name>Get11iBeaconSecurityProperties</name>
            <argumentList>
                <argument>
                    <name>NewIEEE11iEncryptionModes</name>
                    <direction>out</direction>
                    <relatedStateVariable>IEEE11iEncryptionModes</relatedStateVariable>
                </argument>
                <argument>
                    <name>NewIEEE11iAuthenticationMode</name>
                    <direction>out</direction>
                    <relatedStateVariable>IEEE11iAuthenticationMode</relatedStateVariable>
                </argument>
            </argumentList>
        </action>
        <action>
            <name>FactoryDefaultReset</name>
        </action>
        <action>
            <name>ResetAuthentication</name>
        </action>
    </actionList>

</scpd>
