<?xml version="1.0"?>
<scpd xmlns="urn:schemas-upnp-org:service-1-0">
  <specVersion> <!-- UPnP version 1.0 -->
    <major>1</major>
    <minor>0</minor>
  </specVersion>
  <actionList>
    <action>
      <name>GetPublicKeys</name>
      <argumentList>
        <argument>
          <name>KeyArg</name>
          <relatedStateVariable>A_ARG_TYPE_string</relatedStateVariable>
          <direction>out</direction>
          <retval/>
        </argument>
      </argumentList>
    </action>
    <action>
      <name>GetAlgorithmsAndProtocols</name>
      <argumentList>
        <argument>
          <name>Supported</name>
          <relatedStateVariable>A_ARG_TYPE_string</relatedStateVariable>
          <direction>out</direction>
          <retval/>
        </argument>
      </argumentList>
    </action>
    <action>
      <name>GetACLSizes</name>
      <argumentList>
        <argument>
          <name>ArgTotalACLSize</name>
          <relatedStateVariable>TotalACLSize</relatedStateVariable>
          <direction>out</direction>
        </argument>
        <argument>
          <name>ArgFreeACLSize</name>
          <relatedStateVariable>FreeACLSize</relatedStateVariable>
          <direction>out</direction>
        </argument>
        <argument>
          <name>ArgTotalOwnerListSize</name>
          <relatedStateVariable>TotalOwnerListSize</relatedStateVariable>
          <direction>out</direction>
        </argument>
        <argument>
          <name>ArgFreeOwnerListSize</name>
          <relatedStateVariable>FreeOwnerListSize</relatedStateVariable>
          <direction>out</direction>
        </argument>
        <argument>
          <name>ArgTotalCertCacheSize</name>
          <relatedStateVariable>TotalCertCacheSize</relatedStateVariable>
          <direction>out</direction>
        </argument>
        <argument>
          <name>ArgFreeCertCacheSize</name>
          <relatedStateVariable>FreeCertCacheSize</relatedStateVariable>
          <direction>out</direction>
        </argument>
      </argumentList>
    </action>
    <action>
      <Optional/>
      <name>CacheCertificate</name>
      <argumentList>
        <argument>
          <name>Certificates</name>
          <relatedStateVariable>A_ARG_TYPE_string</relatedStateVariable>
          <direction>in</direction>
        </argument>
      </argumentList>
    </action>
    <action>
      <Optional/>
      <name>SetTimeHint</name>
      <argumentList>
        <argument>
          <name>ArgTimeHint</name>
          <relatedStateVariable>TimeHint</relatedStateVariable>
          <direction>in</direction>
        </argument>
      </argumentList>
    </action>
    <action>
      <name>GetLifetimeSequenceBase</name>
      <argumentList>
        <argument>
          <name>ArgLifetimeSequenceBase</name>
          <relatedStateVariable>LifetimeSequenceBase</relatedStateVariable>
          <direction>out</direction>
          <retval/>
        </argument>
      </argumentList>
    </action>
    <action>
      <name>SetSessionKeys</name>
      <argumentList>
        <argument>
          <name>EncipheredBulkKey</name>
          <relatedStateVariable>A_ARG_TYPE_base64</relatedStateVariable>
          <direction>in</direction>
        </argument>
        <argument>
          <name>BulkAlgorithm</name>
          <relatedStateVariable>A_ARG_TYPE_string</relatedStateVariable>
          <direction>in</direction>
        </argument>
        <argument>
          <name>Ciphertext</name>
          <relatedStateVariable>A_ARG_TYPE_base64</relatedStateVariable>
          <direction>in</direction>
        </argument>
        <argument>
          <name>CPKeyID</name>
          <relatedStateVariable>A_ARG_TYPE_int</relatedStateVariable>
          <direction>in</direction>
        </argument>
        <argument>
          <name>DeviceKeyID</name>
          <relatedStateVariable>A_ARG_TYPE_int</relatedStateVariable>
          <direction>out</direction>
          <retval/>
        </argument>
        <argument>
          <name>SequenceBase</name>
          <relatedStateVariable>A_ARG_TYPE_string</relatedStateVariable>
          <direction>out</direction>
        </argument>
      </argumentList>
    </action>
    <action>
      <name>ExpireSessionKeys</name>
      <argumentList>
        <argument>
          <name>DeviceKeyID</name>
          <relatedStateVariable>A_ARG_TYPE_int</relatedStateVariable>
          <direction>in</direction>
        </argument>
      </argumentList>
    </action> 
    <action>
      <name>DecryptAndExecute</name>
      <argumentList>
        <argument>
          <name>DeviceKeyID</name>
          <relatedStateVariable>A_ARG_TYPE_int</relatedStateVariable>
          <direction>in</direction>
        </argument>
        <argument>
          <name>Request</name>
          <relatedStateVariable>A_ARG_TYPE_base64</relatedStateVariable>
          <direction>in</direction>
        </argument>
        <argument>
          <name>InIV</name>
          <relatedStateVariable>A_ARG_TYPE_base64</relatedStateVariable>
          <direction>in</direction>
        </argument>
        <argument>
          <name>Reply</name>
          <relatedStateVariable>A_ARG_TYPE_base64</relatedStateVariable>
          <direction>out</direction>
          <retval/>
        </argument>
        <argument>
          <name>OutIV</name>
          <relatedStateVariable>A_ARG_TYPE_base64</relatedStateVariable>
          <direction>out</direction>
        </argument>
      </argumentList>
    </action>
    <action>
      <name>TakeOwnership</name>
      <argumentList>
        <argument>
          <name>HMACAlgorithm</name>
          <relatedStateVariable>A_ARG_TYPE_string</relatedStateVariable>
          <direction>in</direction>
        </argument>
        <argument>
          <name>EncryptedHMACValue</name>
          <relatedStateVariable>A_ARG_TYPE_base64</relatedStateVariable>
          <direction>in</direction>
        </argument>
      </argumentList>
    </action>
    <action>
      <name>GetDefinedPermissions</name>
      <argumentList>
        <argument>
          <name>Permissions</name>
          <relatedStateVariable>A_ARG_TYPE_string</relatedStateVariable>
          <direction>out</direction>
          <retval/>
        </argument>
      </argumentList>
    </action>
     <action>
      <name>GetDefinedProfiles</name>
      <argumentList>
        <argument>
          <name>Profiles</name>
          <relatedStateVariable>A_ARG_TYPE_string</relatedStateVariable>
          <direction>out</direction>
          <retval/>
        </argument>
      </argumentList>
    </action>
    <action>
      <name>ReadACL</name>
      <argumentList>
        <argument>
          <name>Version</name>
          <relatedStateVariable>A_ARG_TYPE_string</relatedStateVariable>
          <direction>out</direction>
          <retval/>
        </argument>
        <argument>
          <name>ACL</name>
          <relatedStateVariable>A_ARG_TYPE_string</relatedStateVariable>
          <direction>out</direction>
        </argument>
      </argumentList>
    </action>
    <action>
      <Optional/>
      <name>WriteACL</name>
      <argumentList>
        <argument>
          <name>Version</name>
          <relatedStateVariable>A_ARG_TYPE_string</relatedStateVariable>
          <direction>in</direction>
        </argument>
        <argument>
          <name>ACL</name>
          <relatedStateVariable>A_ARG_TYPE_string</relatedStateVariable>
          <direction>in</direction>
        </argument>
        <argument>
          <name>NewVersion</name>
          <relatedStateVariable>A_ARG_TYPE_string</relatedStateVariable>
          <direction>out</direction>
          <retval/>
        </argument>
      </argumentList>
    </action>
     <action>
      <name>AddACLEntry</name>
      <argumentList>
        <argument>
          <name>Entry</name>
          <relatedStateVariable>A_ARG_TYPE_string</relatedStateVariable>
          <direction>in</direction>
        </argument>
      </argumentList>
    </action>
    <action>
      <name>DeleteACLEntry</name>
      <argumentList>
        <argument>
          <name>TargetACLVersion</name>
          <relatedStateVariable>A_ARG_TYPE_string</relatedStateVariable>
          <direction>in</direction>
        </argument>
        <argument>
          <name>Index</name>
          <relatedStateVariable>A_ARG_TYPE_int</relatedStateVariable>
          <direction>in</direction>
        </argument>
        <argument>
          <name>NewACLVersion</name>
          <relatedStateVariable>A_ARG_TYPE_string</relatedStateVariable>
          <direction>out</direction>
          <retval/>
        </argument>
      </argumentList>
    </action>
    <action>
      <name>ReplaceACLEntry</name>
      <argumentList>
        <argument>
          <name>TargetACLVersion</name>
          <relatedStateVariable>A_ARG_TYPE_string</relatedStateVariable>
          <direction>in</direction>
        </argument>
        <argument>
          <name>Index</name>
          <relatedStateVariable>A_ARG_TYPE_int</relatedStateVariable>
          <direction>in</direction>
        </argument>
        <argument>
          <name>Entry</name>
          <relatedStateVariable>A_ARG_TYPE_string</relatedStateVariable>
          <direction>in</direction>
        </argument>
        <argument>
          <name>NewACLVersion</name>
          <relatedStateVariable>A_ARG_TYPE_string</relatedStateVariable>
          <direction>out</direction>
          <retval/>
        </argument>
      </argumentList>
    </action>
    <action>
      <name>FactorySecurityReset</name>
    </action>
    <action>
      <Optional/>
      <name>GrantOwnership</name>
      <argumentList>
        <argument>
          <name>HashAlgorithm</name>
          <relatedStateVariable>A_ARG_TYPE_string</relatedStateVariable>
          <direction>in</direction>
        </argument>
        <argument>
          <name>KeyHash</name>
          <relatedStateVariable>A_ARG_TYPE_base64</relatedStateVariable>
          <direction>in</direction>
        </argument>
      </argumentList>
    </action>
    <action>
      <Optional/>
      <name>RevokeOwnership</name>
      <argumentList>
        <argument>
          <name>HashAlgorithm</name>
          <relatedStateVariable>A_ARG_TYPE_string</relatedStateVariable>
          <direction>in</direction>
        </argument>
        <argument>
          <name>KeyHash</name>
          <relatedStateVariable>A_ARG_TYPE_base64</relatedStateVariable>
          <direction>in</direction>
        </argument>
      </argumentList>
    </action>
    <action>
      <Optional/>
      <name>ListOwners</name>
      <argumentList>
        <argument>
          <name>ArgNumberOfOwners</name>
          <relatedStateVariable>NumberOfOwners</relatedStateVariable>
          <direction>out</direction>
          <retval/>
        </argument>
        <argument>
          <name>Owners</name>
          <relatedStateVariable>A_ARG_TYPE_string</relatedStateVariable>
          <direction>out</direction>
        </argument>
      </argumentList>
    </action>
</actionList>
 <serviceStateTable>
    <stateVariable>
      <name>NumberOfOwners</name>
      <sendEventsAttribute>yes</sendEventsAttribute>  
      <dataType>i4</dataType> 
    </stateVariable>
    <stateVariable>
      <name>LifetimeSequenceBase</name> 
      <sendEventsAttribute>yes</sendEventsAttribute> 
      <dataType>string</dataType> 
    </stateVariable>
    <stateVariable>
      <Optional/>
      <name>TimeHint</name> 
      <sendEventsAttribute>no</sendEventsAttribute> 
      <dataType>string</dataType> 
    </stateVariable>
    <stateVariable>
      <name>TotalACLSize</name> 
      <sendEventsAttribute>no</sendEventsAttribute> 
      <dataType>i4</dataType> 
    </stateVariable>
    <stateVariable>
      <name>FreeACLSize</name> 
      <sendEventsAttribute>yes</sendEventsAttribute> 
      <dataType>i4</dataType> 
    </stateVariable>
    <stateVariable>
      <name>TotalOwnerListSize</name> 
      <sendEventsAttribute>no</sendEventsAttribute> 
      <dataType>i4</dataType> 
    </stateVariable>
    <stateVariable>
      <name>FreeOwnerListSize</name> 
      <sendEventsAttribute>yes</sendEventsAttribute> 
      <dataType>i4</dataType> 
    </stateVariable>
    <stateVariable>
      <name>TotalCertCacheSize</name> 
      <sendEventsAttribute>no</sendEventsAttribute> 
      <dataType>i4</dataType> 
    </stateVariable>
    <stateVariable>
      <name>FreeCertCacheSize</name> 
      <sendEventsAttribute>yes</sendEventsAttribute> 
      <dataType>i4</dataType> 
    </stateVariable>
    <stateVariable>
      <name>A_ARG_TYPE_string</name> 
      <sendEventsAttribute>no</sendEventsAttribute> 
      <dataType>string</dataType> 
    </stateVariable>
    <stateVariable>
      <name>A_ARG_TYPE_base64</name> 
      <sendEventsAttribute>no</sendEventsAttribute> 
      <dataType>bin.base64</dataType> 
    </stateVariable>
    <stateVariable>
      <name>A_ARG_TYPE_int</name> 
      <sendEventsAttribute>no</sendEventsAttribute> 
      <dataType>i4</dataType> 
    </stateVariable>
    <stateVariable>
      <name>A_ARG_TYPE_boolean</name> 
      <sendEventsAttribute>no</sendEventsAttribute> 
      <dataType>boolean</dataType> 
    </stateVariable>
  </serviceStateTable>
</scpd>
