<?xml version="1.0"?>
<scpd xmlns="urn:schemas-upnp-org:service-1-0">
  <specVersion> <!-- UPnP version 1.x -->
    <major>1</major>
    <minor>0</minor>
  </specVersion>
  <actionList>
    <action>
      <name>PresentKey</name>
      <argumentList>
        <argument>
          <name>HashAlgorithm</name>
          <relatedStateVariable>A_ARG_TYPE_string</relatedStateVariable>
          <direction>in</direction>
        </argument>
        <argument>
          <name>Key</name>
          <relatedStateVariable>A_ARG_TYPE_string</relatedStateVariable>
          <direction>in</direction>
        </argument>
        <argument>
          <name>PreferredName</name>
          <relatedStateVariable>A_ARG_TYPE_string</relatedStateVariable>
          <direction>in</direction>
        </argument>
        <argument>
          <name>IconDesc</name>
          <relatedStateVariable>A_ARG_TYPE_string</relatedStateVariable>
          <direction>in</direction>
        </argument>
      </argumentList>
    </action>
    <action>
      <Optional/>
      <name>GetNameList</name>
      <argumentList>
        <argument>
          <name>Names</name>
          <relatedStateVariable>A_ARG_TYPE_string</relatedStateVariable>
          <direction>out</direction>
	    <retval/>
        </argument>
      </argumentList>
    </action> 
    <action>
      <Optional/>
      <name>GetMyCertificates</name>
      <argumentList>
        <argument>
          <name>HashAlgorithm</name>
          <relatedStateVariable>A_ARG_TYPE_string</relatedStateVariable>
          <direction>in</direction>
        </argument>
        <argument>
          <name>Hash</name>
          <relatedStateVariable>A_ARG_TYPE_base64</relatedStateVariable>
          <direction>in</direction>
        </argument>
        <argument>
          <name>Certificates</name>
          <relatedStateVariable>A_ARG_TYPE_string</relatedStateVariable>
          <direction>out</direction>
	    <retval/>
        </argument>
      </argumentList>
    </action>
    <action>
      <Optional/>
      <name>RenewCertificate</name>
      <argumentList>
        <argument>
          <name>OldCertificate</name>
          <relatedStateVariable>A_ARG_TYPE_string</relatedStateVariable>
          <direction>in</direction>
        </argument>
        <argument>
          <name>NewCertificate</name>
          <relatedStateVariable>A_ARG_TYPE_string</relatedStateVariable>
          <direction>out</direction>
	    <retval/>
        </argument>
      </argumentList>
    </action> 
  </actionList>
  <serviceStateTable>
    <stateVariable>
      <Optional/>
      <name>PendingCPList</name> 
      <sendEventsAttribute>yes</sendEventsAttribute> 
      <dataType>string</dataType> 
    </stateVariable>
    <stateVariable>
      <Optional/>
      <name>NameListVersion</name> 
      <sendEventsAttribute>yes</sendEventsAttribute> 
      <dataType>string</dataType> 
    </stateVariable>
    <stateVariable>
      <name>A_ARG_TYPE_string</name> 
      <sendEventsAttribute>no</sendEventsAttribute> 
      <dataType>string</dataType> 
    </stateVariable>
    <stateVariable>
      <name>A_ARG_TYPE_base64</name> 
      <sendEventsAttribute>no</sendEventsAttribute> 
      <dataType>bin.base64</dataType> 
    </stateVariable>
  </serviceStateTable>
</scpd>
