<?xml version="1.0" encoding="utf-8"?>
<scpd xmlns="urn:schemas-upnp-org:service-1-0">
   <specVersion>
      <major>1</major>
      <minor>0</minor>
   </specVersion>
   <actionList>
      <action>
         <name>GetPowerManagementInfo</name>
         <argumentList>
            <argument>
               <name>WakeupMethod</name>
               <direction>out</direction>
               <relatedStateVariable>WakeupMethod</relatedStateVariable>
            </argument>
            <argument>
               <name>PowerSupplyStatus</name>
               <direction>out</direction>
               <relatedStateVariable>PowerSupplyStatus</relatedStateVariable>
            </argument>
         </argumentList>
      </action>
      <action>
         <name>GoToSleep</name>
         <argumentList>
            <argument>
               <name>RecommendedSleepPeriod</name>
               <direction>in</direction>
               <relatedStateVariable>SleepPeriod</relatedStateVariable>
            </argument>
            <argument>
               <name>RecommendedPowerState</name>
               <direction>in</direction>
               <relatedStateVariable>PowerState</relatedStateVariable>
            </argument>
            <argument>
               <name>SleepPeriod</name>
               <direction>out</direction>
               <relatedStateVariable>SleepPeriod</relatedStateVariable>
            </argument>
            <argument>
               <name>PowerState</name>
               <direction>out</direction>
               <relatedStateVariable>PowerState</relatedStateVariable>
            </argument>
         </argumentList>
      </action>
      <action>
         <name>Wakeup</name>
      </action>
   </actionList>
   <serviceStateTable>
      <stateVariable>
         <name>ExternalPowerSupplySource</name>
         <sendEventsAttribute>yes</sendEventsAttribute> 
         <dataType>i4</dataType>
      </stateVariable>
      <stateVariable>
         <name>BatteryLow</name>
         <sendEventsAttribute>yes</sendEventsAttribute> 
         <dataType>boolean</dataType>
      </stateVariable>
      <stateVariable>
         <name>PowerSupplyStatus</name>
         <sendEventsAttribute>no</sendEventsAttribute> 
         <dataType>string</dataType>
      </stateVariable>
      <stateVariable>
         <name>SleepPeriod</name>
         <sendEventsAttribute>no</sendEventsAttribute> 
         <dataType>i4</dataType>
      </stateVariable>
      <stateVariable>
         <name>PowerState</name>
         <sendEventsAttribute>no</sendEventsAttribute> 
         <dataType>string</dataType>
	   <AllowedValueList>
		<AllowedValue>0</AllowedValue>	   
		<AllowedValue>1</AllowedValue>
		<AllowedValue>2</AllowedValue>
		<AllowedValue>4</AllowedValue>
         </AllowedValueList>
      </stateVariable>
      <stateVariable>
         <name>WakeupMethod</name>
         <sendEventsAttribute>no</sendEventsAttribute> 
         <dataType>string</dataType>
      </stateVariable>
   </serviceStateTable>
</scpd>