<?xml version="1.0"?>
<scpd xmlns="urn:schemas-upnp-org:service-1-0">
	<actionList>
		<action>
			<name>ShareContacts</name>
			<argumentList>
				<argument>
					<name>SharedContacts</name>
					<direction>in</direction>
					<relatedStateVariable>
						A_ARG_TYPE_SharedContacts
					</relatedStateVariable>
				</argument>
				<argument>
					<name>SharedInfo</name>
					<direction>in</direction>
					<retval/>
					<relatedStateVariable>
						A_ARG_TYPE_SharedInfo
					</relatedStateVariable>
				</argument>
				<argument>
					<name>TargetContacts</name>
					<direction>in</direction>
					<retval/>
					<relatedStateVariable>
						A_ARG_TYPE_TargetContacts
					</relatedStateVariable>
				</argument>
			</argumentList>
		</action>
		<action>
			<name>FetchcontactInfo</name>
			<argumentList>
				<argument>
					<name>Targetcontacts</name>
					<direction>in</direction>
					<relatedStateVariable>
						A_ARG_TYPE_TargetContacts
					</relatedStateVariable>
				</argument>
				<argument>
					<name>ShareInfo</name>
					<direction>in</direction>
					<retval/>
					<relatedStateVariable>
						A_ARG_TYPE_SharedInfo
					</relatedStateVariable>
				</argument>				
			</argumentList>
		</action>
		<action>
			<name>SharePCC</name>
			<argumentList>
				<argument>
					<name>TargetContacts</name>
					<direction>in</direction>
					<relatedStateVariable>
						A_ARG_TYPE_TargetContacts
					</relatedStateVariable>
				</argument>
				<argument>
					<name>ShareInfo</name>
					<direction>in</direction>
					<retval/>
					<relatedStateVariable>
						A_ARG_TYPE_SharedInfo
					</relatedStateVariable>
				</argument>				
			</argumentList>
		</action>
		<action>
			<name>Accept</name>
			<argumentList>
				<argument>
					<name>RequestID</name>
					<direction>in</direction>
					<relatedStateVariable>
						A_ARG_TYPE_ReqID
					</relatedStateVariable>
				</argument>								
			</argumentList>
		</action>
		<action>
			<name>Reject</name>
			<argumentList>
				<argument>
					<name>RequestID</name>
					<direction>in</direction>
					<relatedStateVariable>
						A_ARG_TYPE_ReqID
					</relatedStateVariable>
				</argument>								
			</argumentList>
		</action>
		<action>
			<name>ImportContacts</name>
			<argumentList>
				<argument>
					<name>NetworkAddressBookID</name>
					<direction>in</direction>
					<relatedStateVariable>
						A_ARG_TYPE_NetworkAddressBookID
					</relatedStateVariable>
				</argument>								
			</argumentList>
		</action>
		<action>
			<name>RetrieveIncomingRequests</name>
			<argumentList>
				<argument>
					<name>ActiveIncomingRequests</name>
					<direction>out</direction>
					<relatedStateVariable>
						A_ARG_TYPE_IncomingRequests
					</relatedStateVariable>
				</argument>								
			</argumentList>
		</action>
	</actionList>
	<serviceStateTable>
		<stateVariable sendEvents="yes">
			<name>IncomingRequest</name>
			<dataType>string</dataType>			
		</stateVariable>
		<stateVariable sendEvents="no">
			<name>A_ARG_TYPE_IncomingRequests</name>
			<dataType>string</dataType>
		</stateVariable>		
		<stateVariable sendEvents="no">
			<name>A_ARG_TYPE_SharedContacts</name>
			<dataType>string</dataType>
		</stateVariable>
		<stateVariable sendEvents="no">
			<name>A_ARG_TYPE_SharedInfo</name>
			<dataType>string</dataType>
		</stateVariable>
		<stateVariable sendEvents="no">
			<name>A_ARG_TYPE_TargetContacts</name>
			<dataType>string</dataType>
		</stateVariable>
		<stateVariable sendEvents="no">
			<name>A_ARG_TYPE_ReqID</name>
			<dataType>string</dataType>
		</stateVariable>
		<stateVariable sendEvents="no">
			<name>A_ARG_TYPE_NetworkAddressBookID</name>
			<dataType>string</dataType>
		</stateVariable>	
	</serviceStateTable>
</scpd>
