<?xml version="1.0"?>
<scpd xmlns="urn:schemas-upnp-org:service-1-0">
	<actionList>
		<action>
			<name>AddCalendarItems</name>
			<argumentList>
				<argument>
					<name>Caltems</name>
					<direction>in</direction>
					<relatedStateVariable>
						A_ARG_TYPE_CalItems
					</relatedStateVariable>
				</argument>
				
				<argument>
					<name>ItemIDs</name>
					<direction>out</direction>
					<relatedStateVariable>
						A_ARG_TYPE_ItemIDs
					</relatedStateVariable>
				</argument>
			</argumentList>
		</action>
		<action>
			<name>DeleteCalendarItems</name>
			<argumentList>
				<argument>
					<name>ItemIDs</name>
					<direction>in</direction>
					<relatedStateVariable>
						A_ARG_TYPE_ItemIDs
					</relatedStateVariable>
				</argument>				
			</argumentList>
		</action>
		<action>
			<name>UpdateCalendarItems</name>
			<argumentList>
				<argument>
					<name>Caltems</name>
					<direction>in</direction>
					
					<relatedStateVariable>
						A_ARG_TYPE_CalItems
					</relatedStateVariable>
				</argument>				
			</argumentList>
		</action>
		<action>
			<name>GetCalendarItems</name>
			<argumentList>
				<argument>
					<name>ItemIDs</name>
					<direction>in</direction>
					<relatedStateVariable>
						A_ARG_TYPE_ItemIDs
					</relatedStateVariable>
				</argument>				
				<argument>
					<name>Caltems</name>
					<direction>out</direction>
					<relatedStateVariable>
						A_ARG_TYPE_CalItems
					</relatedStateVariable>
				</argument>
			</argumentList>
		</action>
		<action>
			<name>GetTriggeredItems</name>
			<argumentList>
				<argument>
					<name>TriggeredItemIDs</name>
					<direction>out</direction>
					<relatedStateVariable>
						A_ARG_TYPE_TriggeredItems
					</relatedStateVariable>
				</argument>				
			</argumentList>
		</action>
		<action>
			<name>PostMemo</name>
			<argumentList>
				<argument>
					<name>Memo</name>
					<direction>in</direction>
					<relatedStateVariable>
						A_ARG_TYPE_Memo
					</relatedStateVariable>
				</argument>				
				<argument>
					<name>MemoID</name>
					<direction>out</direction>
					<relatedStateVariable>
						A_ARG_TYPE_MemoID
					</relatedStateVariable>
				</argument>
			</argumentList>
		</action>
		<action>
			<name>RegisterItemDelivery</name>
			<argumentList>
				<argument>
					<name>ItemDeliveryMethod</name>
					<direction>in</direction>
					<relatedStateVariable>
						A_ARG_TYPE_ItemDeliveryMethod
					</relatedStateVariable>
				</argument>				
				<argument>
					<name>Expires</name>
					<direction>in</direction>
					<relatedStateVariable>
						A_ARG_TYPE_Expires
					</relatedStateVariable>
				</argument>
			</argumentList>
		</action>
		<action>
			<name>GetMemo</name>
			<argumentList>
				<argument>
					<name>MemoID</name>
					<direction>in</direction>
					<relatedStateVariable>
						A_ARG_TYPE_MemoID
					</relatedStateVariable>
				</argument>				
				<argument>
					<name>MemoInfoList</name>
					<direction>out</direction>
					<relatedStateVariable>
						A_ARG_TYPE_MemoInfoList
					</relatedStateVariable>
				</argument>
			</argumentList>
		</action>
		<action>
			<name>RegisterTelCPName</name>
			<argumentList>
				<argument>
					<name>TelCPName</name>
					<direction>in</direction>
					<relatedStateVariable>
						A_ARG_TYPE_TelCPName
					</relatedStateVariable>
				</argument>				
			</argumentList>
		</action>
		<action>
			<name>UnregisterTelCPName</name>
			<argumentList>
				<argument>
					<name>TelCPName</name>
					<direction>in</direction>
					<relatedStateVariable>
						A_ARG_TYPE_TelCPName
					</relatedStateVariable>
				</argument>				
			</argumentList>
		</action>
		<action>
			<name>GetTelCPNameList</name>
			<argumentList>
				<argument>
					<name>TelCPName</name>
					<direction>out</direction>
					<relatedStateVariable>
						A_ARG_TYPE_TelCPNameList
					</relatedStateVariable>
				</argument>				
			</argumentList>
		</action>
	</actionList>
	<serviceStateTable>
		<stateVariable sendEvents="yes">
			<name>CalendarItem</name>
			<dataType>string</dataType>
		</stateVariable>
		<stateVariable sendEvents="yes">
			<name>TriggeredItem</name>
			<dataType>string</dataType>
		</stateVariable>
		<stateVariable sendEvents="yes">
			<name>MemoInfo</name>
			<dataType>string</dataType>
		</stateVariable>
		<stateVariable sendEvents="no">
			<name>A_ARG_TYPE_CalItems</name>
			<dataType>string</dataType>		
		</stateVariable>
		<stateVariable sendEvents="no">
			<name>A_ARG_TYPE_TriggeredItems</name>
			<dataType>string</dataType>		
		</stateVariable>	
		<stateVariable sendEvents="no">
			<name>A_ARG_TYPE_ItemIDs</name>
			<dataType>string</dataType>		
		</stateVariable>
		<stateVariable sendEvents="no">
			<name>A_ARG_TYPE_Memo</name>
			<dataType>string</dataType>		
		</stateVariable>
		<stateVariable sendEvents="no">
			<name>A_ARG_TYPE_MemoID</name>
			<dataType>string</dataType>		
		</stateVariable>
		<stateVariable sendEvents="no">
			<name>A_ARG_TYPE_MemoInfoList</name>
			<dataType>string</dataType>		
		</stateVariable>
		<stateVariable sendEvents="no">
			<name>A_ARG_TYPE_ItemDeliveryMethod</name>
			<dataType>string</dataType>		
		</stateVariable>	
		<stateVariable sendEvents="no">
			<name>A_ARG_TYPE_TelCPName</name>
			<dataType>string</dataType>		
		</stateVariable>
		<stateVariable sendEvents="no">
			<name>A_ARG_TYPE_TelCPNameList</name>
			<dataType>string</dataType>		
		</stateVariable>
		<stateVariable sendEvents="no">
			<name>A_ARG_TYPE_Expires</name>
			<dataType>ui4</dataType>		
		</stateVariable>
	</serviceStateTable>
</scpd>

