<?xml version="1.0"?>
<scpd xmlns="urn:schemas-upnp-org:service-1-0">
	<actionList>
		<action>
			<name>GetPresence</name>
			<argumentList>
				<argument>
					<name>UserPresence</name>
					<direction>out</direction>					
					<relatedStateVariable>
						A_ARG_TYPE_UserPresenceInfo
					</relatedStateVariable>
				</argument>
				</argumentList>
		</action>
		<action>
			<name>UpdatePresence</name>
			<argumentList>
				<argument>
					<name>UpdatedUserPresence</name>
					<direction>in</direction>					
					<relatedStateVariable>
						A_ARG_TYPE_UserPresenceInfo
					</relatedStateVariable>
				</argument>
				</argumentList>
		</action>
		<action>
			<name>GetContactPresence</name>
			<argumentList>
				<argument>
					<name>TargetContact</name>
					<direction>in</direction>
					<relatedStateVariable>
						A_ARG_TYPE_ContactId
					</relatedStateVariable>
				</argument>
				<argument>
					<name>ContactPresence</name>
					<direction>out</direction>
					<relatedStateVariable>
						A_ARG_TYPE_PresenceOfContactsList
					</relatedStateVariable>
				</argument>
				</argumentList>
		</action>
		<action>
			<name>GetPresenceOfContactsUpdate</name>
			<argumentList>
				<argument>
					<name>ContactPresenceUpdate</name>
					<direction>out</direction>
					<relatedStateVariable>
					A_ARG_TYPE_PresenceOfContactsList
					</relatedStateVariable>
				</argument>
				</argumentList>
		</action>
		<action>
			<name>RegisterForContactPresence</name>
			<argumentList>
				<argument>
					<name>Contact</name>
					<direction>in</direction>
					<relatedStateVariable>
					A_ARG_TYPE_ContactId
					</relatedStateVariable>
				</argument>

				<argument>
					<name>Expire</name>
					<direction>in</direction>
					<relatedStateVariable>
						A_ARG_TYPE_Expires
					</relatedStateVariable>
				</argument>
				<argument>
					<name>RegistrationResult</name>
					<direction>out</direction>
					<relatedStateVariable>
						A_ARG_TYPE_RegistrationResult
					</relatedStateVariable>
				</argument>
				</argumentList>
		</action>
		<action>
			<name>AuthorizePresenceReactive</name>
			<argumentList>
				<argument>
					<name>Contact</name>
					<direction>in</direction>
					<relatedStateVariable>
					A_ARG_TYPE_ContactId
					</relatedStateVariable>
				</argument>
				<argument>
					<name>Expire</name>
					<direction>in</direction>
					<relatedStateVariable>
						A_ARG_TYPE_Expires
					</relatedStateVariable>
				</argument>
				<argument>
					<name>UserPresenceInfo</name>
					<direction>in</direction>
					<relatedStateVariable>
						A_ARG_TYPE_UserPresenceInfo
					</relatedStateVariable>
				</argument>
				</argumentList>
		</action>
		<action>
			<name>AuthorizePresenceProactive</name>
			<argumentList>
				<argument>
					<name>UserPresenceInfo</name>
					<direction>in</direction>
					<relatedStateVariable>
						A_ARG_TYPE_UserPresenceInfo
					</relatedStateVariable>
				</argument>
				<argument>
					<name>Expire</name>
					<direction>in</direction>
					<relatedStateVariable>
						A_ARG_TYPE_Expires
					</relatedStateVariable>
				</argument>
				<argument>
					<name>WatcherList</name>
					<direction>in</direction>
					<relatedStateVariable>
						A_ARG_TYPE_WatcherList
					</relatedStateVariable>
				</argument>
				</argumentList>
		</action>
	</actionList>

	<serviceStateTable>
		<stateVariable sendEvents="yes">
			<name>UserPresenceInfo</name>
			<dataType>string</dataType>
		</stateVariable>
		<stateVariable sendEvents="yes">
			<name>PresenceOfContactsUpdate</name>
			<dataType>string</dataType>
		</stateVariable>
		<stateVariable sendEvents="yes">
			<name>Watcher</name>
			<dataType>string</dataType>
		</stateVariable>
		<stateVariable sendEvents="no">
			<name>A_ARG_TYPE_WatcherList</name>
			<dataType>string</dataType>
		</stateVariable>
		<stateVariable sendEvents="no">
			<name>A_ARG_TYPE_UserPresenceInfo</name>
			<dataType>string</dataType>
		</stateVariable>
		<stateVariable sendEvents="no">
			<name>A_ARG_TYPE_PresenceOfContactsList</name>
			<dataType>string</dataType>
		</stateVariable>
		<stateVariable sendEvents="no">
			<name>A_ARG_TYPE_ContactId</name>
			<dataType>string</dataType>
		</stateVariable>
		<stateVariable sendEvents="no">
			<name>A_ARG_TYPE_RegistrationResult</name>
			<dataType>string</dataType>
		</stateVariable>
		<stateVariable sendEvents="no">
			<name>A_ARG_TYPE_Expires</name>
			<dataType>i4</dataType>
		</stateVariable>
	</serviceStateTable>
</scpd>

