<scpd>
	<specVersion>
		<major>1</major>
		<minor>0</minor>
	</specVersion>
	<actionList>
		<action>
			<name>GetFriendlyName</name>
			<argumentList>
				<argument>
					<name>NameStatus</name>
					<direction>out</direction>
					<retval/>
					<relatedStateVariable>FriendlyNameStatus</relatedStateVariable>
				</argument>
			</argumentList>
		</action>
		<action>
			<name>GetFriendlyIconList</name>
			<argumentList>
				<argument>
					<name>IconListStatus</name>
					<direction>out</direction>
					<retval/>
					<relatedStateVariable>FriendlyIconListStatus</relatedStateVariable>
				</argument>
			</argumentList>
		</action>
		<action>
			<name>SetFriendlyName</name>
			<argumentList>
				<argument>
					<name>NewName</name>
					<direction>in</direction>
					<relatedStateVariable>A_ARG_TYPE_NewName</relatedStateVariable>
				</argument>
			</argumentList>
		</action>
		<action>
			<name>SetFriendlyIconList</name>
			<argumentList>
				<argument>
					<name>UpdateType</name>
					<direction>in</direction>
					<relatedStateVariable>A_ARG_TYPE_UpdateType</relatedStateVariable>
				</argument>
				<argument>
					<name>TargetIconToken</name>
					<direction>in</direction>
					<relatedStateVariable>A_ARG_TYPE_Token</relatedStateVariable>
				</argument>
				<argument>
					<name>TargetIconURI</name>
					<direction>in</direction>
					<relatedStateVariable>A_ARG_TYPE_IconURI</relatedStateVariable>
				</argument>
			</argumentList>
		</action>
		<action>
			<name>RestoreFriendlyInfo</name>
			<argumentList>
				<argument>
					<name>RestoreType</name>
					<direction>in</direction>
					<relatedStateVariable>A_ARG_TYPE_RestoreType</relatedStateVariable>
				</argument>
			</argumentList>
		</action>
	</actionList>
	<serviceStateTable>
		<stateVariable sendEvents="yes">
			<name>FriendlyNameStatus</name>
			<dataType>string</dataType>
		</stateVariable>
		<stateVariable sendEvents="yes">
			<name>FriendlyIconListStatus</name>
			<dataType>string</dataType>
		</stateVariable>
		<stateVariable sendEvents="no">
			<name>A_ARG_TYPE_NewName</name>
			<dataType>string</dataType>
		</stateVariable>
		<stateVariable sendEvents="no">
			<name>A_ARG_TYPE_IconURI</name>
			<dataType>string</dataType>
		</stateVariable>
		<stateVariable sendEvents="no">
			<name>A_ARG_TYPE_UpdateType</name>
			<dataType>string</dataType>
			<allowedValueList>
				<allowedValue>CREATE</allowedValue>
				<allowedValue>DELETE</allowedValue>
			</allowedValueList>
		</stateVariable>
		<stateVariable sendEvents="no">
			<name>A_ARG_TYPE_RestoreType</name>
			<dataType>string</dataType>
			<allowedValueList>
				<allowedValue>ALL</allowedValue>
				<allowedValue>FRIENDLYNAME</allowedValue>
				<allowedValue>ICONLIST</allowedValue>
			</allowedValueList>
		</stateVariable>
	</serviceStateTable>
</scpd>
