<device xmlns="urn:schemas-upnp-org:device-1-0">
	<serviceList>			
		<service>
			<serviceType>urn:schemas-upnp-org:service:MediaManagement:2</serviceType>
			<serviceId>urn:upnp-org:serviceId:MediaManagement</serviceId>
		</service>	
		<service>
			<serviceType>urn:schemas-upnp-org:service:Messaging:2</serviceType>
			<serviceId>urn:upnp-org:serviceId:Messaging</serviceId>
		</service>
        <service>
             <serviceType>urn:schemas-upnp-org:service:Presence:1</serviceType>
             <serviceId>urn:upnp-org:serviceId:Presence</serviceId>
            </service>
		</serviceList>
</device>
