<?xml version="1.0" encoding="utf-8"?>
<scpd xmlns="urn:schemas-upnp-org:service-1-0">
   <specVersion>
      <major>1</major>
      <minor>0</minor>
   </specVersion>
   <actionList>
      <action>
         <Optional/>
         <name>AbortSync</name>
         <argumentList>
            <argument>
               <name>ActionCaller</name>
               <direction>in</direction>
               <relatedStateVariable>A_ARG_TYPE_ActionCaller</relatedStateVariable>
            </argument>
            <argument>
               <name>SyncID</name>
               <direction>in</direction>
               <relatedStateVariable>A_ARG_TYPE_SyncID</relatedStateVariable>
            </argument>
         </argumentList>
      </action>
      <action>
         <name>AddSyncData</name>
         <argumentList>
            <argument>
               <name>ActionCaller</name>
               <direction>in</direction>
               <relatedStateVariable>A_ARG_TYPE_ActionCaller</relatedStateVariable>
            </argument>
            <argument>
               <name>SyncID</name>
               <direction>in</direction>
               <relatedStateVariable>A_ARG_TYPE_SyncID</relatedStateVariable>
            </argument>
            <argument>
               <name>SyncData</name>
               <direction>in</direction>
               <relatedStateVariable>A_ARG_TYPE_SyncData</relatedStateVariable>
            </argument>
            <argument>
               <name>SyncDataResult</name>
               <direction>out</direction>
               <relatedStateVariable>A_ARG_TYPE_SyncData</relatedStateVariable>
            </argument>
         </argumentList>
      </action>
      <action>
         <name>AddSyncPair</name>
         <argumentList>
            <argument>
               <name>ActionCaller</name>
               <direction>in</direction>
               <relatedStateVariable>A_ARG_TYPE_ActionCaller</relatedStateVariable>
            </argument>
            <argument>
               <name>ObjectID</name>
               <direction>in</direction>
               <relatedStateVariable>A_ARG_TYPE_SyncID</relatedStateVariable>
            </argument>
            <argument>
               <name>SyncPair</name>
               <direction>in</direction>
               <relatedStateVariable>A_ARG_TYPE_SyncPair</relatedStateVariable>
            </argument>
         </argumentList>
      </action>
      <action>
         <name>DeleteSyncData</name>
         <argumentList>
            <argument>
               <name>ActionCaller</name>
               <direction>in</direction>
               <relatedStateVariable>A_ARG_TYPE_ActionCaller</relatedStateVariable>
            </argument>
            <argument>
               <name>SyncID</name>
               <direction>in</direction>
               <relatedStateVariable>A_ARG_TYPE_SyncID</relatedStateVariable>
            </argument>
         </argumentList>
      </action>
      <action>
         <name>DeleteSyncPair</name>
         <argumentList>
            <argument>
               <name>ActionCaller</name>
               <direction>in</direction>
               <relatedStateVariable>A_ARG_TYPE_ActionCaller</relatedStateVariable>
            </argument>
            <argument>
               <name>ObjectID</name>
               <direction>in</direction>
               <relatedStateVariable>A_ARG_TYPE_ObjectID</relatedStateVariable>
            </argument>
            <argument>
               <name>SyncID</name>
               <direction>in</direction>
               <relatedStateVariable>A_ARG_TYPE_SyncID</relatedStateVariable>
            </argument>
         </argumentList>
      </action>
      <action>
         <name>ExchangeSyncData</name>
         <argumentList>
            <argument>
               <name>LocalSyncData</name>
               <direction>in</direction>
               <relatedStateVariable>A_ARG_TYPE_SyncData</relatedStateVariable>
            </argument>
            <argument>
               <name>RemoteSyncData</name>
               <direction>out</direction>
               <relatedStateVariable>A_ARG_TYPE_SyncData</relatedStateVariable>
            </argument>
         </argumentList>
      </action>
      <action>
         <name>GetChangeLog</name>
         <argumentList>
            <argument>
               <name>SyncID</name>
               <direction>in</direction>
               <relatedStateVariable>A_ARG_TYPE_SyncID</relatedStateVariable>
            </argument>
            <argument>
               <name>StartingIndex</name>
               <direction>in</direction>
               <relatedStateVariable>A_ARG_TYPE_Index</relatedStateVariable>
            </argument>
            <argument>
               <name>RequestedCount</name>
               <direction>in</direction>
               <relatedStateVariable>A_ARG_TYPE_Count</relatedStateVariable>
            </argument>
            <argument>
               <name>Result</name>
               <direction>out</direction>
               <relatedStateVariable>A_ARG_TYPE_ChangeLog</relatedStateVariable>
            </argument>
            <argument>
               <name>NumberReturned</name>
               <direction>out</direction>
               <relatedStateVariable>A_ARG_TYPE_Count</relatedStateVariable>
            </argument>
            <argument>
               <name>TotalMatches</name>
               <direction>out</direction>
               <relatedStateVariable>A_ARG_TYPE_Count</relatedStateVariable>
            </argument>
         </argumentList>
      </action>
      <action>
         <name>GetSyncData</name>
         <argumentList>
            <argument>
               <name>SyncID</name>
               <direction>in</direction>
               <relatedStateVariable>A_ARG_TYPE_SyncID</relatedStateVariable>
            </argument>
            <argument>
               <name>SyncData</name>
               <direction>out</direction>
               <relatedStateVariable>A_ARG_TYPE_SyncData</relatedStateVariable>
            </argument>
         </argumentList>
      </action>
      <action>
         <Optional/>
         <name>GetSyncStatus</name>
         <argumentList>
            <argument>
               <name>SyncID</name>
               <direction>in</direction>
               <relatedStateVariable>A_ARG_TYPE_SyncID</relatedStateVariable>
            </argument>
            <argument>
               <name>SyncStatus</name>
               <direction>out</direction>
               <relatedStateVariable>A_ARG_TYPE_SyncStatus</relatedStateVariable>
            </argument>
         </argumentList>
      </action>
      <action>
         <name>ModifySyncData</name>
         <argumentList>
            <argument>
               <name>ActionCaller</name>
               <direction>in</direction>
               <relatedStateVariable>A_ARG_TYPE_ActionCaller</relatedStateVariable>
            </argument>
            <argument>
               <name>SyncID</name>
               <direction>in</direction>
               <relatedStateVariable>A_ARG_TYPE_SyncID</relatedStateVariable>
            </argument>
            <argument>
               <name>SyncData</name>
               <direction>in</direction>
               <relatedStateVariable>A_ARG_TYPE_SyncData</relatedStateVariable>
            </argument>
         </argumentList>
      </action>
      <action>
         <name>ModifySyncPair</name>
         <argumentList>
            <argument>
               <name>ActionCaller</name>
               <direction>in</direction>
               <relatedStateVariable>A_ARG_TYPE_ActionCaller</relatedStateVariable>
            </argument>
            <argument>
               <name>ObjectID</name>
               <direction>in</direction>
               <relatedStateVariable>A_ARG_TYPE_ObjectID</relatedStateVariable>
            </argument>
            <argument>
               <name>SyncPair</name>
               <direction>in</direction>
               <relatedStateVariable>A_ARG_TYPE_SyncPair</relatedStateVariable>
            </argument>
         </argumentList>
      </action>
      <action>
         <name>ResetChangeLog</name>
         <argumentList>
            <argument>
               <name>SyncID</name>
               <direction>in</direction>
               <relatedStateVariable>A_ARG_TYPE_SyncID</relatedStateVariable>
            </argument>
            <argument>
               <name>ObjectIDs</name>
               <direction>in</direction>
               <relatedStateVariable>A_ARG_TYPE_ResetObjectList</relatedStateVariable>
            </argument>
         </argumentList>
      </action>
      <action>
         <name>ResetStatus</name>
         <argumentList>
            <argument>
               <name>SyncID</name>
               <direction>in</direction>
               <relatedStateVariable>A_ARG_TYPE_SyncID</relatedStateVariable>
            </argument>
         </argumentList>
      </action>
      <action>
         <Optional/>
         <name>StartSync</name>
         <argumentList>
            <argument>
               <name>ActionCaller</name>
               <direction>in</direction>
               <relatedStateVariable>A_ARG_TYPE_ActionCaller</relatedStateVariable>
            </argument>
            <argument>
               <name>SyncID</name>
               <direction>in</direction>
               <relatedStateVariable>A_ARG_TYPE_SyncID</relatedStateVariable>
            </argument>
         </argumentList>
      </action>
   </actionList>
   <serviceStateTable>
      <stateVariable>
         <name>A_ARG_TYPE_SyncData</name>
         <sendEventsAttribute>no</sendEventsAttribute>
         <dataType>string</dataType>
      </stateVariable>
      <stateVariable>
         <name>A_ARG_TYPE_ObjectID</name>
         <sendEventsAttribute>no</sendEventsAttribute>
         <dataType>string</dataType>
      </stateVariable>
      <stateVariable>
         <name>A_ARG_TYPE_ResetObjectList</name>
         <sendEventsAttribute>no</sendEventsAttribute>
         <dataType>string</dataType>
      </stateVariable>
      <stateVariable>
         <name>A_ARG_TYPE_Index</name>
         <sendEventsAttribute>no</sendEventsAttribute>
         <dataType>ui4</dataType>
      </stateVariable>
      <stateVariable>
         <name>A_ARG_TYPE_SyncID</name>
         <sendEventsAttribute>no</sendEventsAttribute>
         <dataType>string</dataType>
      </stateVariable>
      <stateVariable>
         <name>A_ARG_TYPE_ActionCaller</name>
         <sendEventsAttribute>no</sendEventsAttribute>
         <dataType>string</dataType>
      </stateVariable>
      <stateVariable>
         <name>SyncChange</name>
         <sendEventsAttribute>yes</sendEventsAttribute>
         <dataType>string</dataType>
      </stateVariable>
      <stateVariable>
         <name>SyncStatusUpdate</name>
         <sendEventsAttribute>yes</sendEventsAttribute>
         <dataType>string</dataType>
      </stateVariable>
      <stateVariable>
         <name>A_ARG_TYPE_SyncPair</name>
         <sendEventsAttribute>no</sendEventsAttribute>
         <dataType>string</dataType>
      </stateVariable>
      <stateVariable>
         <name>A_ARG_TYPE_SyncStatus</name>
         <sendEventsAttribute>no</sendEventsAttribute>
         <dataType>string</dataType>
      </stateVariable>
      <stateVariable>
         <name>A_ARG_TYPE_Count</name>
         <sendEventsAttribute>no</sendEventsAttribute>
         <dataType>ui4</dataType>
      </stateVariable>
      <stateVariable>
         <name>A_ARG_TYPE_ChangeLog</name>
         <sendEventsAttribute>no</sendEventsAttribute>
         <dataType>string</dataType>
      </stateVariable>
   </serviceStateTable>
</scpd>