<device>
    <serviceList>
        <service>
			<Optional/>
            <serviceType>urn:schemas-upnp-org:service:Layer3Forwarding:1</serviceType>
        </service>
        <service>
			<Optional/>
            <serviceType>urn:schemas-upnp-org:service:DeviceProtection:1</serviceType>
        </service>
    </serviceList>

    <deviceList>
		<device>
			<deviceType>urn:schemas-upnp-org:device:WANDevice:2</deviceType>
		</device>

		<device>
            <Optional/>
			<deviceType>urn:schemas-upnp-org:device:LANDevice:1</deviceType>
		</device>

    </deviceList>

</device>
